{"type":"FeatureCollection","name":"TDOT 2026 Master Site Coordinates","features":[{"type":"Feature","id":"01000080","properties":{"siteId":"01000080","name":"1 - 01000080 - SR095 (OAK RIDGE TURNPIKE)","county":"Anderson","road":"SR095","alias":"OAK RIDGE TURNPIKE","category":"CC","direction":"N/S"},"geometry":{"type":"Point","coordinates":[-84.3199785,35.9919378]}},{"type":"Feature","id":"01000102","properties":{"siteId":"01000102","name":"2 - 01000102 - SR062 (S. ILLINOIS AVE.)","county":"Anderson","road":"SR062","alias":"S. ILLINOIS AVE.","category":"CC","direction":"N/S"},"geometry":{"type":"Point","coordinates":[-84.2178319,35.9896297]}},{"type":"Feature","id":"04000024","properties":{"siteId":"04000024","name":"3 - 04000024 - SR028 (MAIN ST.)","county":"Bledsoe","road":"SR028","alias":"MAIN ST.","category":"CC","direction":"N/S"},"geometry":{"type":"Point","coordinates":[-85.20416979,35.59071344]}},{"type":"Feature","id":"05000139","properties":{"siteId":"05000139","name":"4 - 05000139 - SR035 (N. HALL RD.)","county":"Blount","road":"SR035","alias":"N. HALL RD.","category":"CC","direction":"N/S"},"geometry":{"type":"Point","coordinates":[-83.9745672,35.7689329]}},{"type":"Feature","id":"05000153","properties":{"siteId":"05000153","name":"5 - 05000153 - SR073 (W. LAMAR ALEXANDER PKWY.)","county":"Blount","road":"SR073","alias":"W. LAMAR ALEXANDER PKWY.","category":"CC","direction":"E/W"},"geometry":{"type":"Point","coordinates":[-83.966349,35.7548168]}},{"type":"Feature","id":"05000159","properties":{"siteId":"05000159","name":"6 - 05000159 - SR073 (E. LAMAR ALEXANDER PKWY.)","county":"Blount","road":"SR073","alias":"E. LAMAR ALEXANDER PKWY.","category":"CC","direction":"N/S"},"geometry":{"type":"Point","coordinates":[-83.9108414,35.756849]}},{"type":"Feature","id":"05000165","properties":{"siteId":"05000165","name":"7 - 05000165 - 03818 (LOUISVILLE RD.)","county":"Blount","road":"03818","alias":"LOUISVILLE RD.","category":"CC","direction":"N/S"},"geometry":{"type":"Point","coordinates":[-83.984566,35.7711161]}},{"type":"Feature","id":"05000167","properties":{"siteId":"05000167","name":"8 - 05000167 - 03818 (N. CALDERWOOD ST.)","county":"Blount","road":"03818","alias":"N. CALDERWOOD ST.","category":"CC","direction":"N/S"},"geometry":{"type":"Point","coordinates":[-83.9808368,35.7665864]}},{"type":"Feature","id":"05000183","properties":{"siteId":"05000183","name":"9 - 05000183 - I0140 (PELLISSIPPI PKWY. )","county":"Blount","road":"I0140","alias":"PELLISSIPPI PKWY.","category":"EDL","direction":"E/W"},"geometry":{"type":"Point","coordinates":[-83.979112,35.8397813]}},{"type":"Feature","id":"05000184","properties":{"siteId":"05000184","name":"10 - 05000184 - I0140 (PELLISSIPPI PKWY. )","county":"Blount","road":"I0140","alias":"PELLISSIPPI PKWY.","category":"EDL","direction":"E/W"},"geometry":{"type":"Point","coordinates":[-84.0030029,35.8495655]}},{"type":"Feature","id":"05000213","properties":{"siteId":"05000213","name":"11 - 05000213 - 03816 (FOOTHILLS MALL DR.)","county":"Blount","road":"03816","alias":"FOOTHILLS MALL DR.","category":"CC","direction":"N/S"},"geometry":{"type":"Point","coordinates":[-83.9945718,35.7385949]}},{"type":"Feature","id":"05000220","properties":{"siteId":"05000220","name":"12 - 05000220 - SR162 (PELLISSIPPI PKWY.)","county":"Blount","road":"SR162","alias":"PELLISSIPPI PKWY.","category":"CC","direction":"E/W"},"geometry":{"type":"Point","coordinates":[-83.9438076,35.8089717]}},{"type":"Feature","id":"06000062","properties":{"siteId":"06000062","name":"13 - 06000062 - SR311 (APD-40)","county":"Bradley","road":"SR311","alias":"APD-40","category":"CC","direction":"E/W"},"geometry":{"type":"Point","coordinates":[-84.9353862,35.1481596]}},{"type":"Feature","id":"06000079","properties":{"siteId":"06000079","name":"14 - 06000079 - SR311 (APD-40)","county":"Bradley","road":"SR311","alias":"APD-40","category":"CC","direction":"E/W"},"geometry":{"type":"Point","coordinates":[-84.9130306,35.1391895]}},{"type":"Feature","id":"06000080","properties":{"siteId":"06000080","name":"15 - 06000080 - SR060 (APD-40)","county":"Bradley","road":"SR060","alias":"APD-40","category":"CC","direction":"N/S"},"geometry":{"type":"Point","coordinates":[-84.8547325,35.1405896]}},{"type":"Feature","id":"06000095","properties":{"siteId":"06000095","name":"16 - 06000095 - SR060 (APD-40)","county":"Bradley","road":"SR060","alias":"APD-40","category":"CC","direction":"N/S"},"geometry":{"type":"Point","coordinates":[-84.8551236,35.1727435]}},{"type":"Feature","id":"06000096","properties":{"siteId":"06000096","name":"17 - 06000096 - SR060 (APD-40)","county":"Bradley","road":"SR060","alias":"APD-40","category":"CC","direction":"N/S"},"geometry":{"type":"Point","coordinates":[-84.8463975,35.162072]}},{"type":"Feature","id":"06000159","properties":{"siteId":"06000159","name":"18 - 06000159 - SR002 (KEITH ST. N.W.)","county":"Bradley","road":"SR002","alias":"KEITH ST. N.W.","category":"CC","direction":"N/S"},"geometry":{"type":"Point","coordinates":[-84.8786316,35.1729618]}},{"type":"Feature","id":"06000166","properties":{"siteId":"06000166","name":"19 - 06000166 - SR060 (GEORGETOWN RD. N.W.)","county":"Bradley","road":"SR060","alias":"GEORGETOWN RD. N.W.","category":"CC","direction":"N/S"},"geometry":{"type":"Point","coordinates":[-84.882864,35.2157948]}},{"type":"Feature","id":"10000008","properties":{"siteId":"10000008","name":"20 - 10000008 - SR091 (STONEY CREEK RD.)","county":"Carter","road":"SR091","alias":"STONEY CREEK RD.","category":"CC","direction":"N/S"},"geometry":{"type":"Point","coordinates":[-82.1847256,36.3667715]}},{"type":"Feature","id":"10000082","properties":{"siteId":"10000082","name":"21 - 10000082 - SR067 (W. ELK ST.)","county":"Carter","road":"SR067","alias":"W. ELK ST.","category":"CC","direction":"N/S"},"geometry":{"type":"Point","coordinates":[-82.2295373,36.3513083]}},{"type":"Feature","id":"13000064","properties":{"siteId":"13000064","name":"22 - 13000064 - SR063 (APPALACHIAN HWY.)","county":"Claiborne","road":"SR063","alias":"APPALACHIAN HWY.","category":"CC","direction":"N/S"},"geometry":{"type":"Point","coordinates":[-83.70142014,36.53286446]}},{"type":"Feature","id":"13000065","properties":{"siteId":"13000065","name":"23 - 13000065 - SR063 (APPALACHIAN HWY.)","county":"Claiborne","road":"SR063","alias":"APPALACHIAN HWY.","category":"CC","direction":"N/S"},"geometry":{"type":"Point","coordinates":[-83.65765012,36.56298092]}},{"type":"Feature","id":"15000029","properties":{"siteId":"15000029","name":"24 - 15000029 - SR009 (US-HWY. 25W)","county":"Cocke","road":"SR009","alias":"US-HWY. 25W","category":"CC","direction":"E/W"},"geometry":{"type":"Point","coordinates":[-83.16579817,35.95666553]}},{"type":"Feature","id":"25000045","properties":{"siteId":"25000045","name":"25 - 25000045 - SR028 (S. YORK HWY.)","county":"Fentress","road":"SR028","alias":"S. YORK HWY.","category":"CC","direction":"N/S"},"geometry":{"type":"Point","coordinates":[-84.9443287,36.3689925]}},{"type":"Feature","id":"26000119","properties":{"siteId":"26000119","name":"26 - 26000119 - SR433 (VETERANS MEMORIAL DR.)","county":"Franklin","road":"SR433","alias":"VETERANS MEMORIAL DR.","category":"CC","direction":"E/W"},"geometry":{"type":"Point","coordinates":[-86.0636905,35.1970352]}},{"type":"Feature","id":"26000121","properties":{"siteId":"26000121","name":"27 - 26000121 - SR050 (VETERANS MEMORIAL DR.)","county":"Franklin","road":"SR050","alias":"VETERANS MEMORIAL DR.","category":"CC","direction":"E/W"},"geometry":{"type":"Point","coordinates":[-85.9805476,35.2660138]}},{"type":"Feature","id":"29000052","properties":{"siteId":"29000052","name":"28 - 29000052 - SR032 (US-25E)","county":"Grainger","road":"SR032","alias":"US-25E","category":"CC","direction":"N/S"},"geometry":{"type":"Point","coordinates":[-83.2824513,36.3313309]}},{"type":"Feature","id":"30000106","properties":{"siteId":"30000106","name":"29 - 30000106 - SR035 (N. MAIN ST.)","county":"Greene","road":"SR035","alias":"N. MAIN ST.","category":"CC","direction":"N/S"},"geometry":{"type":"Point","coordinates":[-82.82609394,36.17129725]}},{"type":"Feature","id":"30000135","properties":{"siteId":"30000135","name":"30 - 30000135 - SR034 (W. ANDREW JOHNSON HWY.)","county":"Greene","road":"SR034","alias":"W. ANDREW JOHNSON HWY.","category":"CC","direction":"E/W"},"geometry":{"type":"Point","coordinates":[-82.8997282,36.1727828]}},{"type":"Feature","id":"32000124","properties":{"siteId":"32000124","name":"31 - 32000124 - SR160 (GOV. DEWITT CLINTON SENTE)","county":"Hamblen","road":"SR160","alias":"GOV. DEWITT CLINTON SENTE","category":"CC","direction":"E/W"},"geometry":{"type":"Point","coordinates":[-83.3417,36.179385]}},{"type":"Feature","id":"32000140","properties":{"siteId":"32000140","name":"32 - 32000140 - SR034 (W. ANDREW JOHNSON HWY.)","county":"Hamblen","road":"SR034","alias":"W. ANDREW JOHNSON HWY.","category":"CC","direction":"E/W"},"geometry":{"type":"Point","coordinates":[-83.3972579,36.1761293]}},{"type":"Feature","id":"33000072","properties":{"siteId":"33000072","name":"33 - 33000072 - I0024 (I-24)","county":"Hamilton","road":"I0024","alias":"I-24","category":"EDL","direction":"E/W"},"geometry":{"type":"Point","coordinates":[-85.2880611,35.0186285]}},{"type":"Feature","id":"33000154","properties":{"siteId":"33000154","name":"34 - 33000154 - I0024 (I-24)","county":"Hamilton","road":"I0024","alias":"I-24","category":"EDL","direction":"E/W"},"geometry":{"type":"Point","coordinates":[-85.3037474,35.0261683]}},{"type":"Feature","id":"33000214","properties":{"siteId":"33000214","name":"35 - 33000214 - I0024 (I-24)","county":"Hamilton","road":"I0024","alias":"I-24","category":"EDL","direction":"E/W"},"geometry":{"type":"Point","coordinates":[-85.2781349,35.0158249]}},{"type":"Feature","id":"33000275","properties":{"siteId":"33000275","name":"36 - 33000275 - SR002 (E. 23RD ST.)","county":"Hamilton","road":"SR002","alias":"E. 23RD ST.","category":"CC","direction":"E/W"},"geometry":{"type":"Point","coordinates":[-85.3050979,35.0276419]}},{"type":"Feature","id":"33000313","properties":{"siteId":"33000313","name":"37 - 33000313 - SR319 (DUPONT PKWY.)","county":"Hamilton","road":"SR319","alias":"DUPONT PKWY.","category":"CC","direction":"N/S"},"geometry":{"type":"Point","coordinates":[-85.252423,35.0992386]}},{"type":"Feature","id":"33000314","properties":{"siteId":"33000314","name":"38 - 33000314 - SR319 (DUPONT PKWY.)","county":"Hamilton","road":"SR319","alias":"DUPONT PKWY.","category":"CC","direction":"N/S"},"geometry":{"type":"Point","coordinates":[-85.2500824,35.1143733]}},{"type":"Feature","id":"33000474","properties":{"siteId":"33000474","name":"39 - 33000474 - 03556 (SHALLOWFORD RD.)","county":"Hamilton","road":"03556","alias":"SHALLOWFORD RD.","category":"CC","direction":"E/W"},"geometry":{"type":"Point","coordinates":[-85.1956713,35.0548164]}},{"type":"Feature","id":"33000484","properties":{"siteId":"33000484","name":"40 - 33000484 - SR320 (E. BRAINERD RD.)","county":"Hamilton","road":"SR320","alias":"E. BRAINERD RD.","category":"CC","direction":"N/S"},"geometry":{"type":"Point","coordinates":[-85.153426,35.0069675]}},{"type":"Feature","id":"33000485","properties":{"siteId":"33000485","name":"41 - 33000485 - SR002 (BRAINERD RD.)","county":"Hamilton","road":"SR002","alias":"BRAINERD RD.","category":"CC","direction":"E/W"},"geometry":{"type":"Point","coordinates":[-85.22362839,35.01112445]}},{"type":"Feature","id":"33000486","properties":{"siteId":"33000486","name":"42 - 33000486 - SR008 (RINGGOLD RD.)","county":"Hamilton","road":"SR008","alias":"RINGGOLD RD.","category":"CC","direction":"E/W"},"geometry":{"type":"Point","coordinates":[-85.2078243,34.98944685]}},{"type":"Feature","id":"33000544","properties":{"siteId":"33000544","name":"43 - 33000544 - 04987 (GUNBARREL RD.)","county":"Hamilton","road":"04987","alias":"GUNBARREL RD.","category":"CC","direction":"N/S"},"geometry":{"type":"Point","coordinates":[-85.15276506,35.03525527]}},{"type":"Feature","id":"33000587","properties":{"siteId":"33000587","name":"44 - 33000587 - SR316 (M.L. KING BLVD.)","county":"Hamilton","road":"SR316","alias":"M.L. KING BLVD.","category":"CC","direction":"E/W"},"geometry":{"type":"Point","coordinates":[-85.3120007,35.0458287]}},{"type":"Feature","id":"33000596","properties":{"siteId":"33000596","name":"45 - 33000596 - SR389 (W. 4TH ST.)","county":"Hamilton","road":"SR389","alias":"W. 4TH ST.","category":"CC","direction":"E/W"},"geometry":{"type":"Point","coordinates":[-85.3101617,35.0523108]}},{"type":"Feature","id":"33000615","properties":{"siteId":"33000615","name":"46 - 33000615 - 05747 (VOLKSWAGEN DR.)","county":"Hamilton","road":"05747","alias":"VOLKSWAGEN DR.","category":"CC","direction":"E/W"},"geometry":{"type":"Point","coordinates":[-85.1256719,35.0738231]}},{"type":"Feature","id":"37000065","properties":{"siteId":"37000065","name":"47 - 37000065 - SR001 (US-11W)","county":"Hawkins","road":"SR001","alias":"US-11W","category":"CC","direction":"N/S"},"geometry":{"type":"Point","coordinates":[-83.017239,36.4057897]}},{"type":"Feature","id":"45000084","properties":{"siteId":"45000084","name":"48 - 45000084 - I0040 (I-40)","county":"Jefferson","road":"I0040","alias":"I-40","category":"EDL","direction":"E/W"},"geometry":{"type":"Point","coordinates":[-83.3664986,36.0560655]}},{"type":"Feature","id":"45000085","properties":{"siteId":"45000085","name":"49 - 45000085 - SR034 (E. BROADWAY BLVD.)","county":"Jefferson","road":"SR034","alias":"E. BROADWAY BLVD.","category":"CC","direction":"E/W"},"geometry":{"type":"Point","coordinates":[-83.4917289,36.1154487]}},{"type":"Feature","id":"45000165","properties":{"siteId":"45000165","name":"50 - 45000165 - I0040 (I-40)","county":"Jefferson","road":"I0040","alias":"I-40","category":"EDL","direction":"E/W"},"geometry":{"type":"Point","coordinates":[-83.2969316,36.0185325]}},{"type":"Feature","id":"47000028","properties":{"siteId":"47000028","name":"51 - 47000028 - SR170 (RACCOON VALLEY DR.)","county":"Knox","road":"SR170","alias":"RACCOON VALLEY DR.","category":"CC","direction":"E/W"},"geometry":{"type":"Point","coordinates":[-84.06238354,36.07606267]}},{"type":"Feature","id":"47000075","properties":{"siteId":"47000075","name":"52 - 47000075 - 01254 (PLEASANT RIDGE RD.)","county":"Knox","road":"01254","alias":"PLEASANT RIDGE RD.","category":"CC","direction":"N/S"},"geometry":{"type":"Point","coordinates":[-84.01874824,35.99877176]}},{"type":"Feature","id":"47000083","properties":{"siteId":"47000083","name":"53 - 47000083 - SR162 (PELLISSIPPI PKWY.)","county":"Knox","road":"SR162","alias":"PELLISSIPPI PKWY.","category":"CC","direction":"N/S"},"geometry":{"type":"Point","coordinates":[-84.1781626,35.9737505]}},{"type":"Feature","id":"47000094","properties":{"siteId":"47000094","name":"54 - 47000094 - 03775 (S. GAY ST.)","county":"Knox","road":"03775","alias":"S. GAY ST.","category":"CC","direction":"N/S"},"geometry":{"type":"Point","coordinates":[-83.91499376,35.95941964]}},{"type":"Feature","id":"47000104","properties":{"siteId":"47000104","name":"55 - 47000104 - SR071 (CHAPMAN HWY.)","county":"Knox","road":"SR071","alias":"CHAPMAN HWY.","category":"EDL","direction":"N/S"},"geometry":{"type":"Point","coordinates":[-83.82435923,35.90127406]}},{"type":"Feature","id":"47000155","properties":{"siteId":"47000155","name":"56 - 47000155 - 06024 (W. CUMBERLAND AVE.)","county":"Knox","road":"06024","alias":"W. CUMBERLAND AVE.","category":"CC","direction":"E/W"},"geometry":{"type":"Point","coordinates":[-83.92596387,35.9588155]}},{"type":"Feature","id":"47000158","properties":{"siteId":"47000158","name":"57 - 47000158 - SR001 (KINGSTON PK.)","county":"Knox","road":"SR001","alias":"KINGSTON PK.","category":"CC","direction":"E/W"},"geometry":{"type":"Point","coordinates":[-83.95287769,35.9508762]}},{"type":"Feature","id":"47000161","properties":{"siteId":"47000161","name":"58 - 47000161 - SR001 (NEYLAND DR.)","county":"Knox","road":"SR001","alias":"NEYLAND DR.","category":"CC","direction":"E/W"},"geometry":{"type":"Point","coordinates":[-83.9227444,35.954769]}},{"type":"Feature","id":"47000206","properties":{"siteId":"47000206","name":"59 - 47000206 - 01291 (CORRYTON RD. )","county":"Knox","road":"01291","alias":"CORRYTON RD.","category":"CC","direction":"N/S"},"geometry":{"type":"Point","coordinates":[-83.79930048,36.16608221]}},{"type":"Feature","id":"47000277","properties":{"siteId":"47000277","name":"60 - 47000277 - I0040 (I-40)","county":"Knox","road":"I0040","alias":"I-40","category":"EDL","direction":"E/W"},"geometry":{"type":"Point","coordinates":[-83.7212499,35.9974738]}},{"type":"Feature","id":"47000293","properties":{"siteId":"47000293","name":"61 - 47000293 - SR001 (RUTLEDGE PK.)","county":"Knox","road":"SR001","alias":"RUTLEDGE PK.","category":"CC","direction":"N/S"},"geometry":{"type":"Point","coordinates":[-83.8085834,36.0473769]}},{"type":"Feature","id":"47000340","properties":{"siteId":"47000340","name":"62 - 47000340 - 02430 (MILLERTOWN PK.)","county":"Knox","road":"02430","alias":"MILLERTOWN PK.","category":"CC","direction":"N/S"},"geometry":{"type":"Point","coordinates":[-83.8207669,36.0560729]}},{"type":"Feature","id":"47000350","properties":{"siteId":"47000350","name":"63 - 47000350 - 01053 (CEDAR BLUFF RD.)","county":"Knox","road":"01053","alias":"CEDAR BLUFF RD.","category":"CC","direction":"N/S"},"geometry":{"type":"Point","coordinates":[-84.0878899,35.9141185]}},{"type":"Feature","id":"47000355","properties":{"siteId":"47000355","name":"64 - 47000355 - 03777 (VANSODALE RD.)","county":"Knox","road":"03777","alias":"VANSODALE RD.","category":"CC","direction":"N/S"},"geometry":{"type":"Point","coordinates":[-84.03751581,35.93711143]}},{"type":"Feature","id":"47000360","properties":{"siteId":"47000360","name":"65 - 47000360 - SR634 (JAMES WHITE PKWY.)","county":"Knox","road":"SR634","alias":"JAMES WHITE PKWY.","category":"CC","direction":"N/S"},"geometry":{"type":"Point","coordinates":[-83.8974525,35.9619695]}},{"type":"Feature","id":"47000378","properties":{"siteId":"47000378","name":"66 - 47000378 - 01254 (PLEASANT RIDGE RD.)","county":"Knox","road":"01254","alias":"PLEASANT RIDGE RD.","category":"CC","direction":"N/S"},"geometry":{"type":"Point","coordinates":[-83.99310499,35.98679805]}},{"type":"Feature","id":"47000384","properties":{"siteId":"47000384","name":"67 - 47000384 - 03773 (MILLERTOWN PKWY.)","county":"Knox","road":"03773","alias":"MILLERTOWN PKWY.","category":"CC","direction":"N/S"},"geometry":{"type":"Point","coordinates":[-83.86965998,36.03347333]}},{"type":"Feature","id":"47000404","properties":{"siteId":"47000404","name":"68 - 47000404 - 06024 (W. CUMBERLAND AVE.)","county":"Knox","road":"06024","alias":"W. CUMBERLAND AVE.","category":"CC","direction":"E/W"},"geometry":{"type":"Point","coordinates":[-83.93329183,35.95620744]}},{"type":"Feature","id":"47000420","properties":{"siteId":"47000420","name":"69 - 47000420 - 03776 (W. CUMBERLAND AVE.)","county":"Knox","road":"03776","alias":"W. CUMBERLAND AVE.","category":"CC","direction":"1-WAY"},"geometry":{"type":"Point","coordinates":[-83.9183668,35.9619685]}},{"type":"Feature","id":"47000429","properties":{"siteId":"47000429","name":"70 - 47000429 - 04828 (GALLAHER VIEW RD.)","county":"Knox","road":"04828","alias":"GALLAHER VIEW RD.","category":"CC","direction":"N/S"},"geometry":{"type":"Point","coordinates":[-84.05903719,35.91992429]}},{"type":"Feature","id":"47000431","properties":{"siteId":"47000431","name":"71 - 47000431 - 03784 (MORRELL RD. )","county":"Knox","road":"03784","alias":"MORRELL RD.","category":"CC","direction":"N/S"},"geometry":{"type":"Point","coordinates":[-84.0340654,35.9251287]}},{"type":"Feature","id":"47000433","properties":{"siteId":"47000433","name":"72 - 47000433 - 04829 (PAPERMILL RD. )","county":"Knox","road":"04829","alias":"PAPERMILL RD.","category":"CC","direction":"E/W"},"geometry":{"type":"Point","coordinates":[-84.0105274,35.9368981]}},{"type":"Feature","id":"47000450","properties":{"siteId":"47000450","name":"73 - 47000450 - I0040 (I-40)","county":"Knox","road":"I0040","alias":"I-40","category":"EDL","direction":"E/W"},"geometry":{"type":"Point","coordinates":[-83.6552653,35.9879167]}},{"type":"Feature","id":"47000451","properties":{"siteId":"47000451","name":"74 - 47000451 - 05623 (DANTE RD.)","county":"Knox","road":"05623","alias":"DANTE RD.","category":"CC","direction":"N/S"},"geometry":{"type":"Point","coordinates":[-83.99147269,36.02763416]}},{"type":"Feature","id":"47000455","properties":{"siteId":"47000455","name":"75 - 47000455 - SR332 (CONCORD RD.)","county":"Knox","road":"SR332","alias":"CONCORD RD.","category":"CC","direction":"N/S"},"geometry":{"type":"Point","coordinates":[-84.1435469,35.8654327]}},{"type":"Feature","id":"47000457","properties":{"siteId":"47000457","name":"76 - 47000457 - 01256 (N. CENTRAL ST.)","county":"Knox","road":"01256","alias":"N. CENTRAL ST.","category":"CC","direction":"N/S"},"geometry":{"type":"Point","coordinates":[-83.94135021,35.99112536]}},{"type":"Feature","id":"47000462","properties":{"siteId":"47000462","name":"77 - 47000462 - 05616 (MURPHY RD.)","county":"Knox","road":"05616","alias":"MURPHY RD.","category":"CC","direction":"N/S"},"geometry":{"type":"Point","coordinates":[-83.87579749,36.05337837]}},{"type":"Feature","id":"47000469","properties":{"siteId":"47000469","name":"78 - 47000469 - 05624 (DRY GAP PK.)","county":"Knox","road":"05624","alias":"DRY GAP PK.","category":"CC","direction":"N/S"},"geometry":{"type":"Point","coordinates":[-83.9710675,36.0565486]}},{"type":"Feature","id":"47000522","properties":{"siteId":"47000522","name":"79 - 47000522 - 05864 (JOE HINTON RD.)","county":"Knox","road":"05864","alias":"JOE HINTON RD.","category":"CC","direction":"N/S"},"geometry":{"type":"Point","coordinates":[-84.06985359,35.94643124]}},{"type":"Feature","id":"47000526","properties":{"siteId":"47000526","name":"80 - 47000526 - 05868 (ROBINSON RD.)","county":"Knox","road":"05868","alias":"ROBINSON RD.","category":"CC","direction":"N/S"},"geometry":{"type":"Point","coordinates":[-84.05662888,35.94559741]}},{"type":"Feature","id":"47000527","properties":{"siteId":"47000527","name":"81 - 47000527 - 05869 (MCKAMEY RD.)","county":"Knox","road":"05869","alias":"MCKAMEY RD.","category":"CC","direction":"E/W"},"geometry":{"type":"Point","coordinates":[-84.01388448,35.97593175]}},{"type":"Feature","id":"47000533","properties":{"siteId":"47000533","name":"82 - 47000533 - 05875 (DOWNTOWN WEST BLVD.)","county":"Knox","road":"05875","alias":"DOWNTOWN WEST BLVD.","category":"CC","direction":"N/S"},"geometry":{"type":"Point","coordinates":[-84.0508395,35.9231139]}},{"type":"Feature","id":"47000534","properties":{"siteId":"47000534","name":"83 - 47000534 - 05876 (AILOR AVE.)","county":"Knox","road":"05876","alias":"AILOR AVE.","category":"CC","direction":"E/W"},"geometry":{"type":"Point","coordinates":[-83.94080939,35.9641275]}},{"type":"Feature","id":"47000550","properties":{"siteId":"47000550","name":"84 - 47000550 - 05890 (EXECUTIVE PARK DR.)","county":"Knox","road":"05890","alias":"EXECUTIVE PARK DR.","category":"CC","direction":"N/S"},"geometry":{"type":"Point","coordinates":[-84.0901485,35.9200266]}},{"type":"Feature","id":"47000552","properties":{"siteId":"47000552","name":"85 - 47000552 - 05892 (PARK VILLAGE RD.)","county":"Knox","road":"05892","alias":"PARK VILLAGE RD.","category":"CC","direction":"N/S"},"geometry":{"type":"Point","coordinates":[-84.08756999,35.9258874]}},{"type":"Feature","id":"47000570","properties":{"siteId":"47000570","name":"86 - 47000570 - 05913 (BEAVER CREEK RD.)","county":"Knox","road":"05913","alias":"BEAVER CREEK RD.","category":"CC","direction":"E/W"},"geometry":{"type":"Point","coordinates":[-84.05055275,36.01500855]}},{"type":"Feature","id":"47000575","properties":{"siteId":"47000575","name":"87 - 47000575 - 05919 (RAY MEARS BLVD.)","county":"Knox","road":"05919","alias":"RAY MEARS BLVD.","category":"CC","direction":"N/S"},"geometry":{"type":"Point","coordinates":[-84.0490699,35.9227139]}},{"type":"Feature","id":"47000576","properties":{"siteId":"47000576","name":"88 - 47000576 - 05920 (MALL RD. N.)","county":"Knox","road":"05920","alias":"MALL RD. N.","category":"CC","direction":"1-WAY"},"geometry":{"type":"Point","coordinates":[-83.8732889,36.0309112]}},{"type":"Feature","id":"47000578","properties":{"siteId":"47000578","name":"89 - 47000578 - 05922 (BALL CAMP PK.)","county":"Knox","road":"05922","alias":"BALL CAMP PK.","category":"CC","direction":"E/W"},"geometry":{"type":"Point","coordinates":[-84.0860944,35.9653703]}},{"type":"Feature","id":"47000581","properties":{"siteId":"47000581","name":"90 - 47000581 - 05925 (TAZEWELL PK.)","county":"Knox","road":"05925","alias":"TAZEWELL PK.","category":"CC","direction":"N/S"},"geometry":{"type":"Point","coordinates":[-83.92450755,36.02178826]}},{"type":"Feature","id":"47000586","properties":{"siteId":"47000586","name":"91 - 47000586 - 05944 (ADAIR DR.)","county":"Knox","road":"05944","alias":"ADAIR DR.","category":"CC","direction":"E/W"},"geometry":{"type":"Point","coordinates":[-83.92954343,36.02368629]}},{"type":"Feature","id":"47000589","properties":{"siteId":"47000589","name":"92 - 47000589 - 05947 (MONTVUE RD.)","county":"Knox","road":"05947","alias":"MONTVUE RD.","category":"CC","direction":"N/S"},"geometry":{"type":"Point","coordinates":[-84.0419658,35.9259061]}},{"type":"Feature","id":"47000599","properties":{"siteId":"47000599","name":"93 - 47000599 - I0140 (Pellisippi Pkwy.)","county":"Knox","road":"I0140","alias":"Pellisippi Pkwy.","category":"EDL","direction":"E/W"},"geometry":{"type":"Point","coordinates":[-84.0128661,35.8498593]}},{"type":"Feature","id":"53000059","properties":{"siteId":"53000059","name":"94 - 53000059 - SR073 (US-321)","county":"Loudon","road":"SR073","alias":"US-321","category":"CC","direction":"N/S"},"geometry":{"type":"Point","coordinates":[-84.2624859,35.8073835]}},{"type":"Feature","id":"53000077","properties":{"siteId":"53000077","name":"95 - 53000077 - SR073 (US-321)","county":"Loudon","road":"SR073","alias":"US-321","category":"CC","direction":"E/W"},"geometry":{"type":"Point","coordinates":[-84.1798967,35.7367091]}},{"type":"Feature","id":"54000073","properties":{"siteId":"54000073","name":"96 - 54000073 - SR030 (TENNESSEE AVE.)","county":"McMinn","road":"SR030","alias":"TENNESSEE AVE.","category":"CC","direction":"N/S"},"geometry":{"type":"Point","coordinates":[-84.52031049,35.33332313]}},{"type":"Feature","id":"54000085","properties":{"siteId":"54000085","name":"97 - 54000085 - SR002 (US-HWY. 11)","county":"McMinn","road":"SR002","alias":"US-HWY. 11","category":"CC","direction":"N/S"},"geometry":{"type":"Point","coordinates":[-84.56871898,35.49739174]}},{"type":"Feature","id":"61000057","properties":{"siteId":"61000057","name":"98 - 61000057 - SR030 (STATE HWY. 30)","county":"Meigs","road":"SR030","alias":"STATE HWY. 30","category":"CC","direction":"E/W"},"geometry":{"type":"Point","coordinates":[-84.7860382,35.5131778]}},{"type":"Feature","id":"62000073","properties":{"siteId":"62000073","name":"99 - 62000073 - SR002 (N. MAIN ST.)","county":"Monroe","road":"SR002","alias":"N. MAIN ST.","category":"CC","direction":"N/S"},"geometry":{"type":"Point","coordinates":[-84.4631442,35.5990987]}},{"type":"Feature","id":"62000105","properties":{"siteId":"62000105","name":"100 - 62000105 - SR068 (HWY. 68)","county":"Monroe","road":"SR068","alias":"HWY. 68","category":"CC","direction":"E/W"},"geometry":{"type":"Point","coordinates":[-84.5030092,35.59748115]}},{"type":"Feature","id":"64000043","properties":{"siteId":"64000043","name":"101 - 64000043 - SR010 (US-HWY. 231)","county":"Moore","road":"SR010","alias":"US-HWY. 231","category":"CC","direction":"N/S"},"geometry":{"type":"Point","coordinates":[-86.52935075,35.34834761]}},{"type":"Feature","id":"65000059","properties":{"siteId":"65000059","name":"102 - 65000059 - SR029 (MORGAN COUNTY HWY.)","county":"Morgan","road":"SR029","alias":"MORGAN COUNTY HWY.","category":"CC","direction":"N/S"},"geometry":{"type":"Point","coordinates":[-84.5998966,36.1109147]}},{"type":"Feature","id":"70000045","properties":{"siteId":"70000045","name":"103 - 70000045 - SR040 (US-HWY. 64)","county":"Polk","road":"SR040","alias":"US-HWY. 64","category":"CC","direction":"E/W"},"geometry":{"type":"Point","coordinates":[-84.403166,35.0318439]}},{"type":"Feature","id":"72000052","properties":{"siteId":"72000052","name":"104 - 72000052 - SR029 (US-HWY. 27)","county":"Rhea","road":"SR029","alias":"US-HWY. 27","category":"CC","direction":"N/S"},"geometry":{"type":"Point","coordinates":[-85.0332167,35.4721534]}},{"type":"Feature","id":"73000078","properties":{"siteId":"73000078","name":"105 - 73000078 - SR001 (N. GATEWAY AVE.)","county":"Roane","road":"SR001","alias":"N. GATEWAY AVE.","category":"CC","direction":"N/S"},"geometry":{"type":"Point","coordinates":[-84.68502096,35.86704344]}},{"type":"Feature","id":"73000082","properties":{"siteId":"73000082","name":"106 - 73000082 - SR029 (S. ROANE ST.)","county":"Roane","road":"SR029","alias":"S. ROANE ST.","category":"CC","direction":"N/S"},"geometry":{"type":"Point","coordinates":[-84.5379246,35.9444146]}},{"type":"Feature","id":"73000097","properties":{"siteId":"73000097","name":"107 - 73000097 - SR061 (STATE HWY. 61)","county":"Roane","road":"SR061","alias":"STATE HWY. 61","category":"CC","direction":"N/S"},"geometry":{"type":"Point","coordinates":[-84.42431064,35.99071969]}},{"type":"Feature","id":"77000038","properties":{"siteId":"77000038","name":"108 - 77000038 - SR028 (HWY. 28)","county":"Sequatchie","road":"SR028","alias":"HWY. 28","category":"CC","direction":"N/S"},"geometry":{"type":"Point","coordinates":[-85.4388538,35.3066809]}},{"type":"Feature","id":"77000040","properties":{"siteId":"77000040","name":"109 - 77000040 - SR008 (RANKIN AVE.)","county":"Sequatchie","road":"SR008","alias":"RANKIN AVE.","category":"CC","direction":"N/S"},"geometry":{"type":"Point","coordinates":[-85.37825837,35.38794841]}},{"type":"Feature","id":"77000045","properties":{"siteId":"77000045","name":"110 - 77000045 - SR111 (SR-111)","county":"Sequatchie","road":"SR111","alias":"SR-111","category":"CC","direction":"E/W"},"geometry":{"type":"Point","coordinates":[-85.3673202,35.3931191]}},{"type":"Feature","id":"78000042","properties":{"siteId":"78000042","name":"111 - 78000042 - SR449 (VETERANS BLVD.)","county":"Sevier","road":"SR449","alias":"VETERANS BLVD.","category":"CC","direction":"N/S"},"geometry":{"type":"Point","coordinates":[-83.5448392,35.7931095]}},{"type":"Feature","id":"82000093","properties":{"siteId":"82000093","name":"112 - 82000093 - SR093 (JOHN B. DENNIS HWY.)","county":"Sullivan","road":"SR093","alias":"JOHN B. DENNIS HWY.","category":"CC","direction":"N/S"},"geometry":{"type":"Point","coordinates":[-82.5153811,36.5198864]}},{"type":"Feature","id":"82000120","properties":{"siteId":"82000120","name":"113 - 82000120 - SR034 (VOLUNTEER PKWY.)","county":"Sullivan","road":"SR034","alias":"VOLUNTEER PKWY.","category":"CC","direction":"N/S"},"geometry":{"type":"Point","coordinates":[-82.1857296,36.5847334]}},{"type":"Feature","id":"82000124","properties":{"siteId":"82000124","name":"114 - 82000124 - I0026 (JAMES H. QUILLEN PKWY.)","county":"Sullivan","road":"I0026","alias":"JAMES H. QUILLEN PKWY.","category":"EDL","direction":"E/W"},"geometry":{"type":"Point","coordinates":[-82.541968,36.4637277]}},{"type":"Feature","id":"82000165","properties":{"siteId":"82000165","name":"115 - 82000165 - SR137 (US-HWY. 23)","county":"Sullivan","road":"SR137","alias":"US-HWY. 23","category":"CC","direction":"N/S"},"geometry":{"type":"Point","coordinates":[-82.5816037,36.5733694]}},{"type":"Feature","id":"82000189","properties":{"siteId":"82000189","name":"116 - 82000189 - SR034 (BRISTOL HWY.)","county":"Sullivan","road":"SR034","alias":"BRISTOL HWY.","category":"CC","direction":"E/W"},"geometry":{"type":"Point","coordinates":[-82.3344024,36.4112738]}},{"type":"Feature","id":"82000190","properties":{"siteId":"82000190","name":"117 - 82000190 - SR093 (SULLIVAN GARDENS PKWY.)","county":"Sullivan","road":"SR093","alias":"SULLIVAN GARDENS PKWY.","category":"CC","direction":"N/S"},"geometry":{"type":"Point","coordinates":[-82.60133332,36.46730869]}},{"type":"Feature","id":"82000191","properties":{"siteId":"82000191","name":"118 - 82000191 - SR036 (FT. HENRY DR.)","county":"Sullivan","road":"SR036","alias":"FT. HENRY DR.","category":"CC","direction":"E/W"},"geometry":{"type":"Point","coordinates":[-82.48452643,36.47100237]}},{"type":"Feature","id":"82000237","properties":{"siteId":"82000237","name":"119 - 82000237 - I0026 (JAMES H. QUILLEN PKWY.)","county":"Sullivan","road":"I0026","alias":"JAMES H. QUILLEN PKWY.","category":"EDL","direction":"E/W"},"geometry":{"type":"Point","coordinates":[-82.5226769,36.4413395]}},{"type":"Feature","id":"82000238","properties":{"siteId":"82000238","name":"120 - 82000238 - SR394 (STATE HWY. 394)","county":"Sullivan","road":"SR394","alias":"STATE HWY. 394","category":"CC","direction":"N/S"},"geometry":{"type":"Point","coordinates":[-82.1823629,36.5365786]}},{"type":"Feature","id":"86000016","properties":{"siteId":"86000016","name":"121 - 86000016 - SR107 (JOHN SEVIER HWY.)","county":"Unicoi","road":"SR107","alias":"JOHN SEVIER HWY.","category":"CC","direction":"N/S"},"geometry":{"type":"Point","coordinates":[-82.4169755,36.149853]}},{"type":"Feature","id":"86000066","properties":{"siteId":"86000066","name":"122 - 86000066 - I0026 (JAMES H. QUILLEN PKWY.)","county":"Unicoi","road":"I0026","alias":"JAMES H. QUILLEN PKWY.","category":"CC","direction":"E/W"},"geometry":{"type":"Point","coordinates":[-82.5446959,35.983565]}},{"type":"Feature","id":"88000038","properties":{"siteId":"88000038","name":"123 - 88000038 - SR001 (US-HWY. 70S)","county":"Van Buren","road":"SR001","alias":"US-HWY. 70S","category":"CC","direction":"N/S"},"geometry":{"type":"Point","coordinates":[-85.5798814,35.7967811]}},{"type":"Feature","id":"90000019","properties":{"siteId":"90000019","name":"124 - 90000019 - SR354 (BOONES CREEK RD.)","county":"Washington","road":"SR354","alias":"BOONES CREEK RD.","category":"CC","direction":"N/S"},"geometry":{"type":"Point","coordinates":[-82.42193731,36.38288693]}},{"type":"Feature","id":"90000023","properties":{"siteId":"90000023","name":"125 - 90000023 - SR034 (BRISTOL HWY.)","county":"Washington","road":"SR034","alias":"BRISTOL HWY.","category":"CC","direction":"E/W"},"geometry":{"type":"Point","coordinates":[-82.3811633,36.3648636]}},{"type":"Feature","id":"90000104","properties":{"siteId":"90000104","name":"126 - 90000104 - SR034 (N. ROAN ST.)","county":"Washington","road":"SR034","alias":"N. ROAN ST.","category":"CC","direction":"N/S"},"geometry":{"type":"Point","coordinates":[-82.3824254,36.3546829]}},{"type":"Feature","id":"90000115","properties":{"siteId":"90000115","name":"127 - 90000115 - I0026 (JAMES H. QUILLEN PKWY.)","county":"Washington","road":"I0026","alias":"JAMES H. QUILLEN PKWY.","category":"EDL","direction":"E/W"},"geometry":{"type":"Point","coordinates":[-82.4998515,36.419736]}},{"type":"Feature","id":"90000194","properties":{"siteId":"90000194","name":"128 - 90000194 - SR381 (N. STATE OF FRANKLIN RD.)","county":"Washington","road":"SR381","alias":"N. STATE OF FRANKLIN RD.","category":"CC","direction":"N/S"},"geometry":{"type":"Point","coordinates":[-82.4050324,36.3360441]}},{"type":"Feature","id":"90000195","properties":{"siteId":"90000195","name":"129 - 90000195 - SR381 (N. STATE OF FRANKLIN RD.)","county":"Washington","road":"SR381","alias":"N. STATE OF FRANKLIN RD.","category":"CC","direction":"N/S"},"geometry":{"type":"Point","coordinates":[-82.3930813,36.3590486]}},{"type":"Feature","id":"90000256","properties":{"siteId":"90000256","name":"130 - 90000256 - 01359 (W. MAIN ST.)","county":"Washington","road":"01359","alias":"W. MAIN ST.","category":"CC","direction":"N/S"},"geometry":{"type":"Point","coordinates":[-82.47580767,36.29328727]}},{"type":"Feature","id":"05000176","properties":{"siteId":"05000176","name":"1 - 05000176 - SR447 (S. WASHINGTON ST.)","county":"Blount","road":"SR447","alias":"S. WASHINGTON ST.","category":"CC","direction":"2-WAY"},"geometry":{"type":"Point","coordinates":[-83.9634202,35.7561222]}},{"type":"Feature","id":"10000139","properties":{"siteId":"10000139","name":"2 - 10000139 - SR091 (STONEY CREEK RD.)","county":"Carter","road":"SR091","alias":"STONEY CREEK RD.","category":"CC","direction":"2-WAY"},"geometry":{"type":"Point","coordinates":[-82.163352,36.3691667]}},{"type":"Feature","id":"33000010R","properties":{"siteId":"33000010R","name":"3 - 33000010R - I0124 (I-24)","county":"Hamilton","road":"I0124","alias":"I-24","category":"RP","direction":"RAMP"},"geometry":{"type":"Point","coordinates":[-85.32002145,35.03285694]}},{"type":"Feature","id":"33000012R","properties":{"siteId":"33000012R","name":"4 - 33000012R - I0024 (I-24)","county":"Hamilton","road":"I0024","alias":"I-24","category":"RP","direction":"RAMP"},"geometry":{"type":"Point","coordinates":[-85.31911783,35.03308066]}},{"type":"Feature","id":"33000014R","properties":{"siteId":"33000014R","name":"5 - 33000014R - I0024 (I-24)","county":"Hamilton","road":"I0024","alias":"I-24","category":"RP","direction":"RAMP"},"geometry":{"type":"Point","coordinates":[-85.3142322,35.0299761]}},{"type":"Feature","id":"33000015R","properties":{"siteId":"33000015R","name":"6 - 33000015R - I0024 (I-24)","county":"Hamilton","road":"I0024","alias":"I-24","category":"RP","direction":"RAMP"},"geometry":{"type":"Point","coordinates":[-85.31444265,35.03068756]}},{"type":"Feature","id":"33000017R","properties":{"siteId":"33000017R","name":"7 - 33000017R - I0024 (I-24)","county":"Hamilton","road":"I0024","alias":"I-24","category":"RP","direction":"RAMP"},"geometry":{"type":"Point","coordinates":[-85.3109064,35.0286963]}},{"type":"Feature","id":"33000018R","properties":{"siteId":"33000018R","name":"8 - 33000018R - I0024 (I-24)","county":"Hamilton","road":"I0024","alias":"I-24","category":"RP","direction":"RAMP"},"geometry":{"type":"Point","coordinates":[-85.31052296,35.02998739]}},{"type":"Feature","id":"33000019R","properties":{"siteId":"33000019R","name":"9 - 33000019R - I0024 (I-24)","county":"Hamilton","road":"I0024","alias":"I-24","category":"RP","direction":"RAMP"},"geometry":{"type":"Point","coordinates":[-85.3079008,35.0277431]}},{"type":"Feature","id":"33000020R","properties":{"siteId":"33000020R","name":"10 - 33000020R - I0024 (I-24)","county":"Hamilton","road":"I0024","alias":"I-24","category":"RP","direction":"RAMP"},"geometry":{"type":"Point","coordinates":[-85.3083128,35.02903487]}},{"type":"Feature","id":"33000022R","properties":{"siteId":"33000022R","name":"11 - 33000022R - I0024 (I-24)","county":"Hamilton","road":"I0024","alias":"I-24","category":"RP","direction":"RAMP"},"geometry":{"type":"Point","coordinates":[-85.30058885,35.02309469]}},{"type":"Feature","id":"33000023R","properties":{"siteId":"33000023R","name":"12 - 33000023R - I0024 (I-24)","county":"Hamilton","road":"I0024","alias":"I-24","category":"RP","direction":"RAMP"},"geometry":{"type":"Point","coordinates":[-85.29555545,35.01854697]}},{"type":"Feature","id":"33000024R","properties":{"siteId":"33000024R","name":"13 - 33000024R - I0024 (I-24)","county":"Hamilton","road":"I0024","alias":"I-24","category":"RP","direction":"RAMP"},"geometry":{"type":"Point","coordinates":[-85.29477343,35.01842168]}},{"type":"Feature","id":"33000025R","properties":{"siteId":"33000025R","name":"14 - 33000025R - I0024 (I-24)","county":"Hamilton","road":"I0024","alias":"I-24","category":"RP","direction":"RAMP"},"geometry":{"type":"Point","coordinates":[-85.29207047,35.0181861]}},{"type":"Feature","id":"33000026R","properties":{"siteId":"33000026R","name":"15 - 33000026R - I0024 (I-24)","county":"Hamilton","road":"I0024","alias":"I-24","category":"RP","direction":"RAMP"},"geometry":{"type":"Point","coordinates":[-85.29127601,35.01930201]}},{"type":"Feature","id":"33000027R","properties":{"siteId":"33000027R","name":"16 - 33000027R - I0024 (I-24)","county":"Hamilton","road":"I0024","alias":"I-24","category":"RP","direction":"RAMP"},"geometry":{"type":"Point","coordinates":[-85.29207324,35.01917851]}},{"type":"Feature","id":"33000028R","properties":{"siteId":"33000028R","name":"17 - 33000028R - I0024 (I-24)","county":"Hamilton","road":"I0024","alias":"I-24","category":"RP","direction":"RAMP"},"geometry":{"type":"Point","coordinates":[-85.2948282,35.02003534]}},{"type":"Feature","id":"33000046","properties":{"siteId":"33000046","name":"18 - 33000046 - SR153 (STATE HWY. 153)","county":"Hamilton","road":"SR153","alias":"STATE HWY. 153","category":"CC","direction":"N/S"},"geometry":{"type":"Point","coordinates":[-85.242712,35.1281756]}},{"type":"Feature","id":"33000060","properties":{"siteId":"33000060","name":"19 - 33000060 - SR008 (SIGNAL MOUNTAIN RD.)","county":"Hamilton","road":"SR008","alias":"SIGNAL MOUNTAIN RD.","category":"CC","direction":"N/S"},"geometry":{"type":"Point","coordinates":[-85.32542498,35.08522287]}},{"type":"Feature","id":"33000067R","properties":{"siteId":"33000067R","name":"20 - 33000067R - I0075 (SR153)","county":"Hamilton","road":"I0075","alias":"SR153","category":"RP","direction":"RAMP"},"geometry":{"type":"Point","coordinates":[-85.17412858,35.02732067]}},{"type":"Feature","id":"33000068R","properties":{"siteId":"33000068R","name":"21 - 33000068R - SR153 (SR153)","county":"Hamilton","road":"SR153","alias":"SR153","category":"RP","direction":"RAMP"},"geometry":{"type":"Point","coordinates":[-85.1747916,35.0265061]}},{"type":"Feature","id":"45000014R","properties":{"siteId":"45000014R","name":"22 - 45000014R - I0040 (I0081)","county":"Jefferson","road":"I0040","alias":"I0081","category":"RP","direction":"RAMP"},"geometry":{"type":"Point","coordinates":[-83.38577379,36.06973708]}},{"type":"Feature","id":"45000015R","properties":{"siteId":"45000015R","name":"23 - 45000015R - I0040 (I0081)","county":"Jefferson","road":"I0040","alias":"I0081","category":"RP","direction":"RAMP"},"geometry":{"type":"Point","coordinates":[-83.38289448,36.06857861]}},{"type":"Feature","id":"47000011R","properties":{"siteId":"47000011R","name":"24 - 47000011R - I0040 (I-40)","county":"Knox","road":"I0040","alias":"I-40","category":"RP","direction":"RAMP"},"geometry":{"type":"Point","coordinates":[-84.173781,35.8993922]}},{"type":"Feature","id":"47000012R","properties":{"siteId":"47000012R","name":"25 - 47000012R - I0040 (I-40)","county":"Knox","road":"I0040","alias":"I-40","category":"RP","direction":"RAMP"},"geometry":{"type":"Point","coordinates":[-84.17613406,35.8988498]}},{"type":"Feature","id":"47000015","properties":{"siteId":"47000015","name":"26 - 47000015 - 0G501 (EMORY RD.)","county":"Knox","road":"0G501","alias":"EMORY RD.","category":"CC","direction":"2-WAY"},"geometry":{"type":"Point","coordinates":[-83.73026358,36.15399725]}},{"type":"Feature","id":"47000055","properties":{"siteId":"47000055","name":"27 - 47000055 - 0F158 (HARRIS RD.)","county":"Knox","road":"0F158","alias":"HARRIS RD.","category":"CC","direction":"2-WAY"},"geometry":{"type":"Point","coordinates":[-83.84704514,36.03725444]}},{"type":"Feature","id":"47000063","properties":{"siteId":"47000063","name":"28 - 47000063 - 02426 (S. CARTER SCHOOL RD.)","county":"Knox","road":"02426","alias":"S. CARTER SCHOOL RD.","category":"CC","direction":"2-WAY"},"geometry":{"type":"Point","coordinates":[-83.6971574,36.0073096]}},{"type":"Feature","id":"47000064","properties":{"siteId":"47000064","name":"29 - 47000064 - 02399 (MIDWAY RD.)","county":"Knox","road":"02399","alias":"MIDWAY RD.","category":"CC","direction":"2-WAY"},"geometry":{"type":"Point","coordinates":[-83.69740503,35.991224]}},{"type":"Feature","id":"47000066","properties":{"siteId":"47000066","name":"30 - 47000066 - 05861 (HUCKLEBERRY SPRINGS RD.)","county":"Knox","road":"05861","alias":"HUCKLEBERRY SPRINGS RD.","category":"CC","direction":"2-WAY"},"geometry":{"type":"Point","coordinates":[-83.76573621,35.99999452]}},{"type":"Feature","id":"47000066R","properties":{"siteId":"47000066R","name":"31 - 47000066R - I0040 (I-40)","county":"Knox","road":"I0040","alias":"I-40","category":"RP","direction":"RAMP"},"geometry":{"type":"Point","coordinates":[-83.91841022,35.98315791]}},{"type":"Feature","id":"47000068R","properties":{"siteId":"47000068R","name":"32 - 47000068R - I0040 (I-40)","county":"Knox","road":"I0040","alias":"I-40","category":"RP","direction":"RAMP"},"geometry":{"type":"Point","coordinates":[-83.91638468,35.98454706]}},{"type":"Feature","id":"47000069R","properties":{"siteId":"47000069R","name":"33 - 47000069R - I0040 (I-40)","county":"Knox","road":"I0040","alias":"I-40","category":"RP","direction":"RAMP"},"geometry":{"type":"Point","coordinates":[-83.90147522,35.99077037]}},{"type":"Feature","id":"47000070R","properties":{"siteId":"47000070R","name":"34 - 47000070R - I0040 (I-40)","county":"Knox","road":"I0040","alias":"I-40","category":"RP","direction":"RAMP"},"geometry":{"type":"Point","coordinates":[-83.89904765,35.99272771]}},{"type":"Feature","id":"47000075R","properties":{"siteId":"47000075R","name":"35 - 47000075R - I0040 (I-40)","county":"Knox","road":"I0040","alias":"I-40","category":"RP","direction":"RAMP"},"geometry":{"type":"Point","coordinates":[-83.87054553,36.00924593]}},{"type":"Feature","id":"47000076R","properties":{"siteId":"47000076R","name":"36 - 47000076R - I0040 (I-40)","county":"Knox","road":"I0040","alias":"I-40","category":"RP","direction":"RAMP"},"geometry":{"type":"Point","coordinates":[-83.87505111,36.00735485]}},{"type":"Feature","id":"47000077R","properties":{"siteId":"47000077R","name":"37 - 47000077R - I0040 (I-40)","county":"Knox","road":"I0040","alias":"I-40","category":"RP","direction":"RAMP"},"geometry":{"type":"Point","coordinates":[-83.87564497,36.00724135]}},{"type":"Feature","id":"47000082R","properties":{"siteId":"47000082R","name":"38 - 47000082R - I0040 (I-40)","county":"Knox","road":"I0040","alias":"I-40","category":"RP","direction":"RAMP"},"geometry":{"type":"Point","coordinates":[-83.8437825,36.01110103]}},{"type":"Feature","id":"47000083R","properties":{"siteId":"47000083R","name":"39 - 47000083R - I0040 (I-40)","county":"Knox","road":"I0040","alias":"I-40","category":"RP","direction":"RAMP"},"geometry":{"type":"Point","coordinates":[-83.84120261,36.00970423]}},{"type":"Feature","id":"47000086R","properties":{"siteId":"47000086R","name":"40 - 47000086R - I0040 (I-40)","county":"Knox","road":"I0040","alias":"I-40","category":"RP","direction":"RAMP"},"geometry":{"type":"Point","coordinates":[-83.77789867,36.00226001]}},{"type":"Feature","id":"47000087R","properties":{"siteId":"47000087R","name":"41 - 47000087R - I0040 (I-40)","county":"Knox","road":"I0040","alias":"I-40","category":"RP","direction":"RAMP"},"geometry":{"type":"Point","coordinates":[-83.77342651,36.00195639]}},{"type":"Feature","id":"47000088R","properties":{"siteId":"47000088R","name":"42 - 47000088R - I0040 (I-40)","county":"Knox","road":"I0040","alias":"I-40","category":"RP","direction":"RAMP"},"geometry":{"type":"Point","coordinates":[-83.77248832,36.00371792]}},{"type":"Feature","id":"47000089R","properties":{"siteId":"47000089R","name":"43 - 47000089R - I0040 (I-40)","county":"Knox","road":"I0040","alias":"I-40","category":"RP","direction":"RAMP"},"geometry":{"type":"Point","coordinates":[-83.77676269,36.00379044]}},{"type":"Feature","id":"47000090R","properties":{"siteId":"47000090R","name":"44 - 47000090R - I0040 (I-40)","county":"Knox","road":"I0040","alias":"I-40","category":"RP","direction":"RAMP"},"geometry":{"type":"Point","coordinates":[-83.70168323,35.99571059]}},{"type":"Feature","id":"47000091R","properties":{"siteId":"47000091R","name":"45 - 47000091R - I0040 (I-40)","county":"Knox","road":"I0040","alias":"I-40","category":"RP","direction":"RAMP"},"geometry":{"type":"Point","coordinates":[-83.69695657,35.99600701]}},{"type":"Feature","id":"47000092R","properties":{"siteId":"47000092R","name":"46 - 47000092R - I0040 (I-40)","county":"Knox","road":"I0040","alias":"I-40","category":"RP","direction":"RAMP"},"geometry":{"type":"Point","coordinates":[-83.69765315,35.99760709]}},{"type":"Feature","id":"47000093R","properties":{"siteId":"47000093R","name":"47 - 47000093R - I0040 (I-40)","county":"Knox","road":"I0040","alias":"I-40","category":"RP","direction":"RAMP"},"geometry":{"type":"Point","coordinates":[-83.70198034,35.9974921]}},{"type":"Feature","id":"47000103","properties":{"siteId":"47000103","name":"48 - 47000103 - 02436 (KIMBERLIN HEIGHTS RD.)","county":"Knox","road":"02436","alias":"KIMBERLIN HEIGHTS RD.","category":"CC","direction":"2-WAY"},"geometry":{"type":"Point","coordinates":[-83.75328124,35.92982786]}},{"type":"Feature","id":"47000112R","properties":{"siteId":"47000112R","name":"49 - 47000112R - I0040 (I-40)","county":"Knox","road":"I0040","alias":"I-40","category":"RP","direction":"RAMP"},"geometry":{"type":"Point","coordinates":[-84.11984959,35.9110916]}},{"type":"Feature","id":"47000118R","properties":{"siteId":"47000118R","name":"50 - 47000118R - I0075 (I-75)","county":"Knox","road":"I0075","alias":"I-75","category":"RP","direction":"RAMP"},"geometry":{"type":"Point","coordinates":[-83.97775463,35.97450322]}},{"type":"Feature","id":"47000134","properties":{"siteId":"47000134","name":"51 - 47000134 - 02420 (YARNELL RD.)","county":"Knox","road":"02420","alias":"YARNELL RD.","category":"CC","direction":"2-WAY"},"geometry":{"type":"Point","coordinates":[-84.1525254,35.9320897]}},{"type":"Feature","id":"47000164R","properties":{"siteId":"47000164R","name":"52 - 47000164R - I0075 (I-75)","county":"Knox","road":"I0075","alias":"I-75","category":"RP","direction":"RAMP"},"geometry":{"type":"Point","coordinates":[-83.97127128,36.00929217]}},{"type":"Feature","id":"47000165R","properties":{"siteId":"47000165R","name":"53 - 47000165R - I0075 (I-75)","county":"Knox","road":"I0075","alias":"I-75","category":"RP","direction":"RAMP"},"geometry":{"type":"Point","coordinates":[-83.97465289,36.0112707]}},{"type":"Feature","id":"47000167","properties":{"siteId":"47000167","name":"54 - 47000167 - 0A001 (OAK AVE.)","county":"Knox","road":"0A001","alias":"OAK AVE.","category":"CC","direction":"2-WAY"},"geometry":{"type":"Point","coordinates":[-83.92659315,35.96763036]}},{"type":"Feature","id":"47000176R","properties":{"siteId":"47000176R","name":"55 - 47000176R - I0075 (I-75)","county":"Knox","road":"I0075","alias":"I-75","category":"RP","direction":"RAMP"},"geometry":{"type":"Point","coordinates":[-83.97859088,35.97198556]}},{"type":"Feature","id":"47000180R","properties":{"siteId":"47000180R","name":"56 - 47000180R - I0075 (I0275)","county":"Knox","road":"I0075","alias":"I0275","category":"RP","direction":"RAMP"},"geometry":{"type":"Point","coordinates":[-83.95606037,35.99935441]}},{"type":"Feature","id":"47000183R","properties":{"siteId":"47000183R","name":"57 - 47000183R - I0040 (I0275)","county":"Knox","road":"I0040","alias":"I0275","category":"RP","direction":"RAMP"},"geometry":{"type":"Point","coordinates":[-83.93063561,35.97035489]}},{"type":"Feature","id":"47000185","properties":{"siteId":"47000185","name":"58 - 47000185 - 0E273 (CRUZE RD.)","county":"Knox","road":"0E273","alias":"CRUZE RD.","category":"CC","direction":"2-WAY"},"geometry":{"type":"Point","coordinates":[-84.06303106,36.0321428]}},{"type":"Feature","id":"47000186","properties":{"siteId":"47000186","name":"59 - 47000186 - 0E244 (BRUSHY VALLEY RD.)","county":"Knox","road":"0E244","alias":"BRUSHY VALLEY RD.","category":"CC","direction":"2-WAY"},"geometry":{"type":"Point","coordinates":[-84.06893247,36.04607334]}},{"type":"Feature","id":"47000212R","properties":{"siteId":"47000212R","name":"60 - 47000212R - I0140 (I-140)","county":"Knox","road":"I0140","alias":"I-140","category":"RP","direction":"RAMP"},"geometry":{"type":"Point","coordinates":[-84.09648995,35.87762719]}},{"type":"Feature","id":"47000213R","properties":{"siteId":"47000213R","name":"61 - 47000213R - I0140 (I-140)","county":"Knox","road":"I0140","alias":"I-140","category":"RP","direction":"RAMP"},"geometry":{"type":"Point","coordinates":[-84.09345226,35.87468254]}},{"type":"Feature","id":"47000216R","properties":{"siteId":"47000216R","name":"62 - 47000216R - I0140 (I-140)","county":"Knox","road":"I0140","alias":"I-140","category":"RP","direction":"RAMP"},"geometry":{"type":"Point","coordinates":[-84.0773655,35.86249886]}},{"type":"Feature","id":"47000217R","properties":{"siteId":"47000217R","name":"63 - 47000217R - I0140 (I-140)","county":"Knox","road":"I0140","alias":"I-140","category":"RP","direction":"RAMP"},"geometry":{"type":"Point","coordinates":[-84.06930907,35.85794733]}},{"type":"Feature","id":"47000218","properties":{"siteId":"47000218","name":"64 - 47000218 - SR034 (US-HWY. 11E)","county":"Knox","road":"SR034","alias":"US-HWY. 11E","category":"CC","direction":"E/W"},"geometry":{"type":"Point","coordinates":[-83.6926051,36.0578491]}},{"type":"Feature","id":"47000218R","properties":{"siteId":"47000218R","name":"65 - 47000218R - I0140 (I-140)","county":"Knox","road":"I0140","alias":"I-140","category":"RP","direction":"RAMP"},"geometry":{"type":"Point","coordinates":[-84.06890795,35.85884965]}},{"type":"Feature","id":"47000219R","properties":{"siteId":"47000219R","name":"66 - 47000219R - I0140 (I-140)","county":"Knox","road":"I0140","alias":"I-140","category":"RP","direction":"RAMP"},"geometry":{"type":"Point","coordinates":[-84.07367221,35.86049514]}},{"type":"Feature","id":"47000234R","properties":{"siteId":"47000234R","name":"67 - 47000234R - I0040 (I-40)","county":"Knox","road":"I0040","alias":"I-40","category":"RP","direction":"RAMP"},"geometry":{"type":"Point","coordinates":[-83.91722646,35.98390874]}},{"type":"Feature","id":"47000235R","properties":{"siteId":"47000235R","name":"68 - 47000235R - I0040 (I-40)","county":"Knox","road":"I0040","alias":"I-40","category":"RP","direction":"RAMP"},"geometry":{"type":"Point","coordinates":[-83.91880192,35.97407526]}},{"type":"Feature","id":"47000236R","properties":{"siteId":"47000236R","name":"69 - 47000236R - I0075 (I-75)","county":"Knox","road":"I0075","alias":"I-75","category":"RP","direction":"RAMP"},"geometry":{"type":"Point","coordinates":[-83.9605247,36.0025023]}},{"type":"Feature","id":"47000239R","properties":{"siteId":"47000239R","name":"70 - 47000239R - SR115","county":"Knox","road":"SR115","alias":"FIRST_COUNT_COLLECTED:","category":"RP","direction":"RAMP"},"geometry":{"type":"Point","coordinates":[-83.9436432,35.9482946]}},{"type":"Feature","id":"47000240R","properties":{"siteId":"47000240R","name":"71 - 47000240R - SR115","county":"Knox","road":"SR115","alias":"FIRST_COUNT_COLLECTED:","category":"RP","direction":"RAMP"},"geometry":{"type":"Point","coordinates":[-83.94307668,35.94919855]}},{"type":"Feature","id":"47000241R","properties":{"siteId":"47000241R","name":"72 - 47000241R - SR115","county":"Knox","road":"SR115","alias":"FIRST_COUNT_COLLECTED:","category":"RP","direction":"RAMP"},"geometry":{"type":"Point","coordinates":[-83.94392661,35.94997294]}},{"type":"Feature","id":"47000242R","properties":{"siteId":"47000242R","name":"73 - 47000242R - SR115","county":"Knox","road":"SR115","alias":"FIRST_COUNT_COLLECTED:","category":"RP","direction":"RAMP"},"geometry":{"type":"Point","coordinates":[-83.94218536,35.95090067]}},{"type":"Feature","id":"47000243R","properties":{"siteId":"47000243R","name":"74 - 47000243R - SR115","county":"Knox","road":"SR115","alias":"FIRST_COUNT_COLLECTED:","category":"RP","direction":"RAMP"},"geometry":{"type":"Point","coordinates":[-83.94316786,35.95398518]}},{"type":"Feature","id":"47000244R","properties":{"siteId":"47000244R","name":"75 - 47000244R - SR115","county":"Knox","road":"SR115","alias":"FIRST_COUNT_COLLECTED:","category":"RP","direction":"RAMP"},"geometry":{"type":"Point","coordinates":[-83.94351343,35.95337229]}},{"type":"Feature","id":"47000245R","properties":{"siteId":"47000245R","name":"76 - 47000245R - SR115","county":"Knox","road":"SR115","alias":"FIRST_COUNT_COLLECTED:","category":"RP","direction":"RAMP"},"geometry":{"type":"Point","coordinates":[-83.9432333,35.950793]}},{"type":"Feature","id":"47000259","properties":{"siteId":"47000259","name":"77 - 47000259 - 0A197 (GRAND AVE.)","county":"Knox","road":"0A197","alias":"GRAND AVE.","category":"CC","direction":"2-WAY"},"geometry":{"type":"Point","coordinates":[-83.93735252,35.96061148]}},{"type":"Feature","id":"47000270","properties":{"siteId":"47000270","name":"78 - 47000270 - SR158 (JAMES WHITE PKWY.)","county":"Knox","road":"SR158","alias":"JAMES WHITE PKWY.","category":"CC","direction":"N/S"},"geometry":{"type":"Point","coordinates":[-83.9164954,35.9718087]}},{"type":"Feature","id":"47000342","properties":{"siteId":"47000342","name":"79 - 47000342 - 02407 (CIRCLE RD. )","county":"Knox","road":"02407","alias":"CIRCLE RD.","category":"CC","direction":"2-WAY"},"geometry":{"type":"Point","coordinates":[-83.7327564,36.1255237]}},{"type":"Feature","id":"47000349","properties":{"siteId":"47000349","name":"80 - 47000349 - 05643 (ED SHOUCE DR.)","county":"Knox","road":"05643","alias":"ED SHOUCE DR.","category":"CC","direction":"N/S"},"geometry":{"type":"Point","coordinates":[-83.9824891,35.9662623]}},{"type":"Feature","id":"47000352","properties":{"siteId":"47000352","name":"81 - 47000352 - SR169 (UNIVERSITY AVE.)","county":"Knox","road":"SR169","alias":"UNIVERSITY AVE.","category":"CC","direction":"N/S"},"geometry":{"type":"Point","coordinates":[-83.94189306,35.965407]}},{"type":"Feature","id":"47000353","properties":{"siteId":"47000353","name":"82 - 47000353 - 0G474 (W. DEPOT AVE.)","county":"Knox","road":"0G474","alias":"W. DEPOT AVE.","category":"CC","direction":"2-WAY"},"geometry":{"type":"Point","coordinates":[-83.92037652,35.9710207]}},{"type":"Feature","id":"47000357","properties":{"siteId":"47000357","name":"83 - 47000357 - 03771 (CEDAR LN.)","county":"Knox","road":"03771","alias":"CEDAR LN.","category":"CC","direction":"2-WAY"},"geometry":{"type":"Point","coordinates":[-83.94873168,36.02830659]}},{"type":"Feature","id":"47000361","properties":{"siteId":"47000361","name":"84 - 47000361 - SR332 (S. NORTHSHORE DR.)","county":"Knox","road":"SR332","alias":"S. NORTHSHORE DR.","category":"CC","direction":"2-WAY"},"geometry":{"type":"Point","coordinates":[-84.13428064,35.86064321]}},{"type":"Feature","id":"47000364","properties":{"siteId":"47000364","name":"85 - 47000364 - SR062 (OAK RIDGE HWY.)","county":"Knox","road":"SR062","alias":"OAK RIDGE HWY.","category":"CC","direction":"2-WAY"},"geometry":{"type":"Point","coordinates":[-84.17169916,35.9793084]}},{"type":"Feature","id":"47000366","properties":{"siteId":"47000366","name":"86 - 47000366 - SR001 (RUTLEDGE PK.)","county":"Knox","road":"SR001","alias":"RUTLEDGE PK.","category":"CC","direction":"N/S"},"geometry":{"type":"Point","coordinates":[-83.7733179,36.0718208]}},{"type":"Feature","id":"47000372","properties":{"siteId":"47000372","name":"87 - 47000372 - 03775 (S. GAY ST.)","county":"Knox","road":"03775","alias":"S. GAY ST.","category":"CC","direction":"2-WAY"},"geometry":{"type":"Point","coordinates":[-83.9206425,35.9686736]}},{"type":"Feature","id":"47000377","properties":{"siteId":"47000377","name":"88 - 47000377 - SR062 (WESTERN AVE.)","county":"Knox","road":"SR062","alias":"WESTERN AVE.","category":"CC","direction":"E/W"},"geometry":{"type":"Point","coordinates":[-83.981152,35.9737558]}},{"type":"Feature","id":"47000380","properties":{"siteId":"47000380","name":"89 - 47000380 - 03771 (CEDAR LN.)","county":"Knox","road":"03771","alias":"CEDAR LN.","category":"CC","direction":"2-WAY"},"geometry":{"type":"Point","coordinates":[-83.96941873,36.01231948]}},{"type":"Feature","id":"47000382","properties":{"siteId":"47000382","name":"90 - 47000382 - 03773 (WASHINGTON PK.)","county":"Knox","road":"03773","alias":"WASHINGTON PK.","category":"CC","direction":"2-WAY"},"geometry":{"type":"Point","coordinates":[-83.92138744,35.99635205]}},{"type":"Feature","id":"47000383","properties":{"siteId":"47000383","name":"91 - 47000383 - 01289 (WASHINGTON PK.)","county":"Knox","road":"01289","alias":"WASHINGTON PK.","category":"CC","direction":"N/S"},"geometry":{"type":"Point","coordinates":[-83.8876103,36.0338259]}},{"type":"Feature","id":"47000385","properties":{"siteId":"47000385","name":"92 - 47000385 - SR009 (ASHEVILLE HWY.)","county":"Knox","road":"SR009","alias":"ASHEVILLE HWY.","category":"CC","direction":"E/W"},"geometry":{"type":"Point","coordinates":[-83.8304605,36.0149883]}},{"type":"Feature","id":"47000393","properties":{"siteId":"47000393","name":"93 - 47000393 - 04831 (CALLAHAN DR.)","county":"Knox","road":"04831","alias":"CALLAHAN DR.","category":"CC","direction":"N/S"},"geometry":{"type":"Point","coordinates":[-84.0040921,36.0210401]}},{"type":"Feature","id":"47000397","properties":{"siteId":"47000397","name":"94 - 47000397 - 0A185 (THIRTEENTH ST.)","county":"Knox","road":"0A185","alias":"THIRTEENTH ST.","category":"CC","direction":"2-WAY"},"geometry":{"type":"Point","coordinates":[-83.9286035,35.9622865]}},{"type":"Feature","id":"47000399","properties":{"siteId":"47000399","name":"95 - 47000399 - 0A193 (FIFTEENTH ST.)","county":"Knox","road":"0A193","alias":"FIFTEENTH ST.","category":"CC","direction":"2-WAY"},"geometry":{"type":"Point","coordinates":[-83.9299279,35.9608862]}},{"type":"Feature","id":"47000401","properties":{"siteId":"47000401","name":"96 - 47000401 - 05671 (VOLUNTEER BLVD.)","county":"Knox","road":"05671","alias":"VOLUNTEER BLVD.","category":"CC","direction":"2-WAY"},"geometry":{"type":"Point","coordinates":[-83.9298093,35.95646684]}},{"type":"Feature","id":"47000403","properties":{"siteId":"47000403","name":"97 - 47000403 - 06024 (W. CUMBERLAND AVE.)","county":"Knox","road":"06024","alias":"W. CUMBERLAND AVE.","category":"CC","direction":"2-WAY"},"geometry":{"type":"Point","coordinates":[-83.93158751,35.95683785]}},{"type":"Feature","id":"47000409","properties":{"siteId":"47000409","name":"98 - 47000409 - 0A189 (HIGHLAND AVE.)","county":"Knox","road":"0A189","alias":"HIGHLAND AVE.","category":"CC","direction":"2-WAY"},"geometry":{"type":"Point","coordinates":[-83.93362344,35.96031849]}},{"type":"Feature","id":"47000413","properties":{"siteId":"47000413","name":"99 - 47000413 - SR001 (NEYLAND DR.)","county":"Knox","road":"SR001","alias":"NEYLAND DR.","category":"CC","direction":"E/W"},"geometry":{"type":"Point","coordinates":[-83.9400759,35.9438972]}},{"type":"Feature","id":"47000416","properties":{"siteId":"47000416","name":"100 - 47000416 - SR062 (WESTERN AVE.)","county":"Knox","road":"SR062","alias":"WESTERN AVE.","category":"CC","direction":"2-WAY"},"geometry":{"type":"Point","coordinates":[-83.9245783,35.9648976]}},{"type":"Feature","id":"47000418","properties":{"siteId":"47000418","name":"101 - 47000418 - 0E571 (WORLDS FAIR PARK DR.)","county":"Knox","road":"0E571","alias":"WORLDS FAIR PARK DR.","category":"CC","direction":"2-WAY"},"geometry":{"type":"Point","coordinates":[-83.927955,35.9645966]}},{"type":"Feature","id":"47000421","properties":{"siteId":"47000421","name":"102 - 47000421 - 06024 (W. CUMBERLAND AVE.)","county":"Knox","road":"06024","alias":"W. CUMBERLAND AVE.","category":"CC","direction":"2-WAY"},"geometry":{"type":"Point","coordinates":[-83.92183466,35.96048738]}},{"type":"Feature","id":"47000422","properties":{"siteId":"47000422","name":"103 - 47000422 - SR158 (NEYLAND DR.)","county":"Knox","road":"SR158","alias":"NEYLAND DR.","category":"CC","direction":"E/W"},"geometry":{"type":"Point","coordinates":[-83.9136395,35.9623823]}},{"type":"Feature","id":"47000432","properties":{"siteId":"47000432","name":"104 - 47000432 - 03777 (BUCKINGHAM RD.)","county":"Knox","road":"03777","alias":"BUCKINGHAM RD.","category":"CC","direction":"2-WAY"},"geometry":{"type":"Point","coordinates":[-84.036392,35.9289444]}},{"type":"Feature","id":"47000437","properties":{"siteId":"47000437","name":"105 - 47000437 - 04826 (WESTLAND DR.)","county":"Knox","road":"04826","alias":"WESTLAND DR.","category":"CC","direction":"2-WAY"},"geometry":{"type":"Point","coordinates":[-84.11135744,35.86762186]}},{"type":"Feature","id":"47000442","properties":{"siteId":"47000442","name":"106 - 47000442 - 04179 (GRIGSBY CHAPEL RD.)","county":"Knox","road":"04179","alias":"GRIGSBY CHAPEL RD.","category":"CC","direction":"2-WAY"},"geometry":{"type":"Point","coordinates":[-84.176219,35.8930805]}},{"type":"Feature","id":"47000448","properties":{"siteId":"47000448","name":"107 - 47000448 - 04831 (CALLAHAN DR.)","county":"Knox","road":"04831","alias":"CALLAHAN DR.","category":"CC","direction":"N/S"},"geometry":{"type":"Point","coordinates":[-84.0168842,36.0121918]}},{"type":"Feature","id":"47000452","properties":{"siteId":"47000452","name":"108 - 47000452 - SR061 (WASHINGTON PK.)","county":"Knox","road":"SR061","alias":"WASHINGTON PK.","category":"CC","direction":"2-WAY"},"geometry":{"type":"Point","coordinates":[-83.73633085,36.16361062]}},{"type":"Feature","id":"47000453","properties":{"siteId":"47000453","name":"109 - 47000453 - SR061 (WASHINGTON PK.)","county":"Knox","road":"SR061","alias":"WASHINGTON PK.","category":"CC","direction":"2-WAY"},"geometry":{"type":"Point","coordinates":[-83.73314144,36.16084612]}},{"type":"Feature","id":"47000454","properties":{"siteId":"47000454","name":"110 - 47000454 - SR332 (S. CAMPBELL STATION RD.)","county":"Knox","road":"SR332","alias":"S. CAMPBELL STATION RD.","category":"CC","direction":"N/S"},"geometry":{"type":"Point","coordinates":[-84.1566304,35.8783299]}},{"type":"Feature","id":"47000458","properties":{"siteId":"47000458","name":"111 - 47000458 - SR162 (PELLISSIPPI PKWY.)","county":"Knox","road":"SR162","alias":"PELLISSIPPI PKWY.","category":"CC","direction":"E/W"},"geometry":{"type":"Point","coordinates":[-84.1525465,35.9416489]}},{"type":"Feature","id":"47000459","properties":{"siteId":"47000459","name":"112 - 47000459 - SR162 (PELLISSIPPI PKWY.)","county":"Knox","road":"SR162","alias":"PELLISSIPPI PKWY.","category":"CC","direction":"N/S"},"geometry":{"type":"Point","coordinates":[-84.141129,35.9317988]}},{"type":"Feature","id":"47000461","properties":{"siteId":"47000461","name":"113 - 47000461 - 06025 (E. FIFTH AVE.)","county":"Knox","road":"06025","alias":"E. FIFTH AVE.","category":"CC","direction":"2-WAY"},"geometry":{"type":"Point","coordinates":[-83.92012469,35.97453924]}},{"type":"Feature","id":"47000477","properties":{"siteId":"47000477","name":"114 - 47000477 - 05636 (EMORY RD.)","county":"Knox","road":"05636","alias":"EMORY RD.","category":"CC","direction":"2-WAY"},"geometry":{"type":"Point","coordinates":[-83.93266713,36.08424899]}},{"type":"Feature","id":"47000484","properties":{"siteId":"47000484","name":"115 - 47000484 - 05662 (BROOKS AVE.)","county":"Knox","road":"05662","alias":"BROOKS AVE.","category":"CC","direction":"2-WAY"},"geometry":{"type":"Point","coordinates":[-83.88404936,35.97633307]}},{"type":"Feature","id":"47000485","properties":{"siteId":"47000485","name":"116 - 47000485 - 05664 (LINDY DR.)","county":"Knox","road":"05664","alias":"LINDY DR.","category":"CC","direction":"2-WAY"},"geometry":{"type":"Point","coordinates":[-83.87253439,35.92295477]}},{"type":"Feature","id":"47000489","properties":{"siteId":"47000489","name":"117 - 47000489 - 05672 (LAKE LOUDON BLVD.)","county":"Knox","road":"05672","alias":"LAKE LOUDON BLVD.","category":"CC","direction":"2-WAY"},"geometry":{"type":"Point","coordinates":[-83.9270723,35.95084306]}},{"type":"Feature","id":"47000500","properties":{"siteId":"47000500","name":"118 - 47000500 - 05645 (N. GALLAHER VIEW RD.)","county":"Knox","road":"05645","alias":"N. GALLAHER VIEW RD.","category":"CC","direction":"N/S"},"geometry":{"type":"Point","coordinates":[-84.0589381,35.9238867]}},{"type":"Feature","id":"47000503","properties":{"siteId":"47000503","name":"119 - 47000503 - 05657 (N. CENTRAL ST.)","county":"Knox","road":"05657","alias":"N. CENTRAL ST.","category":"CC","direction":"2-WAY"},"geometry":{"type":"Point","coordinates":[-83.91827931,35.96998049]}},{"type":"Feature","id":"47000504","properties":{"siteId":"47000504","name":"120 - 47000504 - 05664 (SEVIERVILLE PK.)","county":"Knox","road":"05664","alias":"SEVIERVILLE PK.","category":"CC","direction":"2-WAY"},"geometry":{"type":"Point","coordinates":[-83.88348085,35.94364488]}},{"type":"Feature","id":"47000505","properties":{"siteId":"47000505","name":"121 - 47000505 - 05676 (5TH AVE.)","county":"Knox","road":"05676","alias":"5TH AVE.","category":"CC","direction":"2-WAY"},"geometry":{"type":"Point","coordinates":[-83.92504831,35.97252843]}},{"type":"Feature","id":"47000507","properties":{"siteId":"47000507","name":"122 - 47000507 - 05615 (PARKSIDE DR.)","county":"Knox","road":"05615","alias":"PARKSIDE DR.","category":"CC","direction":"N/S"},"geometry":{"type":"Point","coordinates":[-84.1343763,35.9062328]}},{"type":"Feature","id":"47000511","properties":{"siteId":"47000511","name":"123 - 47000511 - 06026 (HALL OF FAME DR.)","county":"Knox","road":"06026","alias":"HALL OF FAME DR.","category":"CC","direction":"N/S"},"geometry":{"type":"Point","coordinates":[-83.9165899,35.9778357]}},{"type":"Feature","id":"47000512","properties":{"siteId":"47000512","name":"124 - 47000512 - 05670 (BLOUNT AVE.)","county":"Knox","road":"05670","alias":"BLOUNT AVE.","category":"CC","direction":"2-WAY"},"geometry":{"type":"Point","coordinates":[-83.91927387,35.9521734]}},{"type":"Feature","id":"47000521","properties":{"siteId":"47000521","name":"125 - 47000521 - 05863 (BRIDGEWATER RD.)","county":"Knox","road":"05863","alias":"BRIDGEWATER RD.","category":"CC","direction":"2-WAY"},"geometry":{"type":"Point","coordinates":[-84.07229931,35.92510285]}},{"type":"Feature","id":"47000529","properties":{"siteId":"47000529","name":"126 - 47000529 - 05871 (MALONEY RD.)","county":"Knox","road":"05871","alias":"MALONEY RD.","category":"CC","direction":"2-WAY"},"geometry":{"type":"Point","coordinates":[-83.9495794,35.90547143]}},{"type":"Feature","id":"47000530","properties":{"siteId":"47000530","name":"127 - 47000530 - 05872 (JACKSBORO PK.)","county":"Knox","road":"05872","alias":"JACKSBORO PK.","category":"CC","direction":"2-WAY"},"geometry":{"type":"Point","coordinates":[-83.9251738,36.0483917]}},{"type":"Feature","id":"47000531","properties":{"siteId":"47000531","name":"128 - 47000531 - 05873 (NUBBIN RIDGE RD.)","county":"Knox","road":"05873","alias":"NUBBIN RIDGE RD.","category":"CC","direction":"2-WAY"},"geometry":{"type":"Point","coordinates":[-84.05240779,35.89474348]}},{"type":"Feature","id":"47000532","properties":{"siteId":"47000532","name":"129 - 47000532 - 05874 (N. WINSTON RD.)","county":"Knox","road":"05874","alias":"N. WINSTON RD.","category":"CC","direction":"2-WAY"},"geometry":{"type":"Point","coordinates":[-84.04517609,35.92680895]}},{"type":"Feature","id":"47000535","properties":{"siteId":"47000535","name":"130 - 47000535 - 05877 (TWENTY-FIRST ST.)","county":"Knox","road":"05877","alias":"TWENTY-FIRST ST.","category":"CC","direction":"2-WAY"},"geometry":{"type":"Point","coordinates":[-83.94438891,35.96570406]}},{"type":"Feature","id":"47000537","properties":{"siteId":"47000537","name":"131 - 47000537 - 05878 (WALBROOK DR. NW)","county":"Knox","road":"05878","alias":"WALBROOK DR. NW","category":"CC","direction":"2-WAY"},"geometry":{"type":"Point","coordinates":[-84.0592961,35.9256475]}},{"type":"Feature","id":"47000539","properties":{"siteId":"47000539","name":"132 - 47000539 - 05880 (TILLERY DR.)","county":"Knox","road":"05880","alias":"TILLERY DR.","category":"CC","direction":"2-WAY"},"geometry":{"type":"Point","coordinates":[-83.97018876,35.99807329]}},{"type":"Feature","id":"47000542","properties":{"siteId":"47000542","name":"133 - 47000542 - 05883 (HART RD.)","county":"Knox","road":"05883","alias":"HART RD.","category":"CC","direction":"2-WAY"},"geometry":{"type":"Point","coordinates":[-84.09750262,35.85949826]}},{"type":"Feature","id":"47000544","properties":{"siteId":"47000544","name":"134 - 47000544 - 05885 (S. NORTHSHORE DR.)","county":"Knox","road":"05885","alias":"S. NORTHSHORE DR.","category":"CC","direction":"2-WAY"},"geometry":{"type":"Point","coordinates":[-84.17923706,35.82158754]}},{"type":"Feature","id":"47000545","properties":{"siteId":"47000545","name":"135 - 47000545 - 05886 (MIDHURST DR.)","county":"Knox","road":"05886","alias":"MIDHURST DR.","category":"CC","direction":"2-WAY"},"geometry":{"type":"Point","coordinates":[-84.16873205,35.86299424]}},{"type":"Feature","id":"47000546","properties":{"siteId":"47000546","name":"136 - 47000546 - 05887 (E. KINGS GATE RD.)","county":"Knox","road":"05887","alias":"E. KINGS GATE RD.","category":"CC","direction":"2-WAY"},"geometry":{"type":"Point","coordinates":[-84.17057543,35.86331543]}},{"type":"Feature","id":"47000547","properties":{"siteId":"47000547","name":"137 - 47000547 - 05888 (PETERSON RD.)","county":"Knox","road":"05888","alias":"PETERSON RD.","category":"CC","direction":"2-WAY"},"geometry":{"type":"Point","coordinates":[-84.17787336,35.87152849]}},{"type":"Feature","id":"47000548","properties":{"siteId":"47000548","name":"138 - 47000548 - 05889 (UNION RD.)","county":"Knox","road":"05889","alias":"UNION RD.","category":"CC","direction":"2-WAY"},"geometry":{"type":"Point","coordinates":[-84.208669,35.8710327]}},{"type":"Feature","id":"47000551","properties":{"siteId":"47000551","name":"139 - 47000551 - 05891 (CROSS PARK DR.)","county":"Knox","road":"05891","alias":"CROSS PARK DR.","category":"CC","direction":"2-WAY"},"geometry":{"type":"Point","coordinates":[-84.08497952,35.92288925]}},{"type":"Feature","id":"47000553","properties":{"siteId":"47000553","name":"140 - 47000553 - 05893 (MABRY HOOD RD.)","county":"Knox","road":"05893","alias":"MABRY HOOD RD.","category":"CC","direction":"2-WAY"},"geometry":{"type":"Point","coordinates":[-84.12501137,35.92217347]}},{"type":"Feature","id":"47000555","properties":{"siteId":"47000555","name":"141 - 47000555 - 05895 (SNYDER RD.)","county":"Knox","road":"05895","alias":"SNYDER RD.","category":"CC","direction":"2-WAY"},"geometry":{"type":"Point","coordinates":[-84.15099497,35.92403062]}},{"type":"Feature","id":"47000556","properties":{"siteId":"47000556","name":"142 - 47000556 - 05896 (HICKORY CREEK DR.)","county":"Knox","road":"05896","alias":"HICKORY CREEK DR.","category":"CC","direction":"2-WAY"},"geometry":{"type":"Point","coordinates":[-84.24974071,35.88747448]}},{"type":"Feature","id":"47000557","properties":{"siteId":"47000557","name":"143 - 47000557 - 05897 (SAM LEE RD.)","county":"Knox","road":"05897","alias":"SAM LEE RD.","category":"CC","direction":"2-WAY"},"geometry":{"type":"Point","coordinates":[-84.17079908,35.95617337]}},{"type":"Feature","id":"47000558","properties":{"siteId":"47000558","name":"144 - 47000558 - 05898 (SOLWAY RD.)","county":"Knox","road":"05898","alias":"SOLWAY RD.","category":"CC","direction":"2-WAY"},"geometry":{"type":"Point","coordinates":[-84.18509419,35.97593128]}},{"type":"Feature","id":"47000560","properties":{"siteId":"47000560","name":"145 - 47000560 - 05900 (BYINGTON-SOLWAY RD.)","county":"Knox","road":"05900","alias":"BYINGTON-SOLWAY RD.","category":"CC","direction":"2-WAY"},"geometry":{"type":"Point","coordinates":[-84.13011564,35.96633922]}},{"type":"Feature","id":"47000562","properties":{"siteId":"47000562","name":"146 - 47000562 - 05902 (YOUNG HIGH PK.)","county":"Knox","road":"05902","alias":"YOUNG HIGH PK.","category":"CC","direction":"2-WAY"},"geometry":{"type":"Point","coordinates":[-83.90245888,35.93644508]}},{"type":"Feature","id":"47000564","properties":{"siteId":"47000564","name":"147 - 47000564 - 05904 (BROWN GAP RD.)","county":"Knox","road":"05904","alias":"BROWN GAP RD.","category":"CC","direction":"2-WAY"},"geometry":{"type":"Point","coordinates":[-83.90057757,36.0896443]}},{"type":"Feature","id":"47000565","properties":{"siteId":"47000565","name":"148 - 47000565 - 05905 (CRIPPEN DR.)","county":"Knox","road":"05905","alias":"CRIPPEN DR.","category":"CC","direction":"2-WAY"},"geometry":{"type":"Point","coordinates":[-83.9271387,36.072461]}},{"type":"Feature","id":"47000568","properties":{"siteId":"47000568","name":"149 - 47000568 - 05911 (BAKERTOWN RD.)","county":"Knox","road":"05911","alias":"BAKERTOWN RD.","category":"CC","direction":"2-WAY"},"geometry":{"type":"Point","coordinates":[-84.08510477,35.97132733]}},{"type":"Feature","id":"47000569","properties":{"siteId":"47000569","name":"150 - 47000569 - 05912 (BAKERTOWN RD.)","county":"Knox","road":"05912","alias":"BAKERTOWN RD.","category":"CC","direction":"2-WAY"},"geometry":{"type":"Point","coordinates":[-84.07840028,35.96512257]}},{"type":"Feature","id":"47000571","properties":{"siteId":"47000571","name":"151 - 47000571 - 05914 (W. BEAVER CREEK DR.)","county":"Knox","road":"05914","alias":"W. BEAVER CREEK DR.","category":"CC","direction":"2-WAY"},"geometry":{"type":"Point","coordinates":[-84.02760675,36.02183755]}},{"type":"Feature","id":"47000574","properties":{"siteId":"47000574","name":"152 - 47000574 - 05918 (SCHAAD RD.)","county":"Knox","road":"05918","alias":"SCHAAD RD.","category":"CC","direction":"N/S"},"geometry":{"type":"Point","coordinates":[-84.0464396,35.9856286]}},{"type":"Feature","id":"47000577","properties":{"siteId":"47000577","name":"153 - 47000577 - 05921 (MALL RD. S.)","county":"Knox","road":"05921","alias":"MALL RD. S.","category":"CC","direction":"1-WAY"},"geometry":{"type":"Point","coordinates":[-83.87577364,36.02965269]}},{"type":"Feature","id":"47000579","properties":{"siteId":"47000579","name":"154 - 47000579 - 05923 (KARNS VALLEY DR.)","county":"Knox","road":"05923","alias":"KARNS VALLEY DR.","category":"CC","direction":"2-WAY"},"geometry":{"type":"Point","coordinates":[-84.13481171,35.96639526]}},{"type":"Feature","id":"47000580","properties":{"siteId":"47000580","name":"155 - 47000580 - 05924 (KNOXVILLE ZOO DR.)","county":"Knox","road":"05924","alias":"KNOXVILLE ZOO DR.","category":"CC","direction":"2-WAY"},"geometry":{"type":"Point","coordinates":[-83.88160119,36.00315936]}},{"type":"Feature","id":"47000583","properties":{"siteId":"47000583","name":"156 - 47000583 - 05927 (BLACKSTOCK AVE.)","county":"Knox","road":"05927","alias":"BLACKSTOCK AVE.","category":"CC","direction":"2-WAY"},"geometry":{"type":"Point","coordinates":[-83.9303595,35.9649037]}},{"type":"Feature","id":"47000585","properties":{"siteId":"47000585","name":"157 - 47000585 - 05943 (BRADSHAW GARDEN DR.)","county":"Knox","road":"05943","alias":"BRADSHAW GARDEN DR.","category":"CC","direction":"2-WAY"},"geometry":{"type":"Point","coordinates":[-83.97761814,35.99906388]}},{"type":"Feature","id":"47000587","properties":{"siteId":"47000587","name":"158 - 47000587 - 05945 (VALLEY VIEW DR.)","county":"Knox","road":"05945","alias":"VALLEY VIEW DR.","category":"CC","direction":"2-WAY"},"geometry":{"type":"Point","coordinates":[-83.91030459,36.01798523]}},{"type":"Feature","id":"47000588","properties":{"siteId":"47000588","name":"159 - 47000588 - 05946 (DEANE HILL DR.)","county":"Knox","road":"05946","alias":"DEANE HILL DR.","category":"CC","direction":"2-WAY"},"geometry":{"type":"Point","coordinates":[-84.00942928,35.93023633]}},{"type":"Feature","id":"47000590","properties":{"siteId":"47000590","name":"160 - 47000590 - 05948 (BUFFAT MILL RD.)","county":"Knox","road":"05948","alias":"BUFFAT MILL RD.","category":"CC","direction":"2-WAY"},"geometry":{"type":"Point","coordinates":[-83.90628705,36.00479218]}},{"type":"Feature","id":"47000591","properties":{"siteId":"47000591","name":"161 - 47000591 - 05949 (PROSSER RD.)","county":"Knox","road":"05949","alias":"PROSSER RD.","category":"CC","direction":"2-WAY"},"geometry":{"type":"Point","coordinates":[-83.8913501,36.0084016]}},{"type":"Feature","id":"47000592","properties":{"siteId":"47000592","name":"162 - 47000592 - 05950 (MCDONALD DR.)","county":"Knox","road":"05950","alias":"MCDONALD DR.","category":"CC","direction":"2-WAY"},"geometry":{"type":"Point","coordinates":[-83.86635048,35.98675972]}},{"type":"Feature","id":"47000593","properties":{"siteId":"47000593","name":"163 - 47000593 - 05952 (WOODLAWN PK.)","county":"Knox","road":"05952","alias":"WOODLAWN PK.","category":"CC","direction":"2-WAY"},"geometry":{"type":"Point","coordinates":[-83.90787104,35.94449794]}},{"type":"Feature","id":"47000594","properties":{"siteId":"47000594","name":"164 - 47000594 - 05953 (WALNUT ST.)","county":"Knox","road":"05953","alias":"WALNUT ST.","category":"CC","direction":"2-WAY"},"geometry":{"type":"Point","coordinates":[-83.92069213,35.96485593]}},{"type":"Feature","id":"47000595","properties":{"siteId":"47000595","name":"165 - 47000595 - 05954 (SEVIERVILLE PK.)","county":"Knox","road":"05954","alias":"SEVIERVILLE PK.","category":"CC","direction":"2-WAY"},"geometry":{"type":"Point","coordinates":[-83.86669351,35.92628433]}},{"type":"Feature","id":"47000596","properties":{"siteId":"47000596","name":"166 - 47000596 - 05955 (BISHOP RD.)","county":"Knox","road":"05955","alias":"BISHOP RD.","category":"CC","direction":"2-WAY"},"geometry":{"type":"Point","coordinates":[-83.98891348,36.05645566]}},{"type":"Feature","id":"47000598","properties":{"siteId":"47000598","name":"167 - 47000598 - 00071 (JAMES WHITE PKWY.)","county":"Knox","road":"00071","alias":"JAMES WHITE PKWY.","category":"CC","direction":"2-WAY"},"geometry":{"type":"Point","coordinates":[-83.8949566,35.9502247]}},{"type":"Feature","id":"47000602","properties":{"siteId":"47000602","name":"168 - 47000602 - SR634","county":"Knox","road":"SR634","alias":"FIRST_COUNT_COLLECTED:","category":"CC","direction":"N/S"},"geometry":{"type":"Point","coordinates":[-83.9025076,35.9650295]}},{"type":"Feature","id":"47000603","properties":{"siteId":"47000603","name":"169 - 47000603 - SR634","county":"Knox","road":"SR634","alias":"FIRST_COUNT_COLLECTED:","category":"CC","direction":"N/S"},"geometry":{"type":"Point","coordinates":[-83.9089382,35.9652302]}},{"type":"Feature","id":"47000604","properties":{"siteId":"47000604","name":"170 - 47000604 - SR634","county":"Knox","road":"SR634","alias":"FIRST_COUNT_COLLECTED:","category":"CC","direction":"N/S"},"geometry":{"type":"Point","coordinates":[-83.91513704,35.96651721]}},{"type":"Feature","id":"77000046","properties":{"siteId":"77000046","name":"171 - 77000046 - SR111 (SR-111)","county":"Sequatchie","road":"SR111","alias":"SR-111","category":"CC","direction":"N/S"},"geometry":{"type":"Point","coordinates":[-85.3305075,35.381853]}},{"type":"Feature","id":"82000088","properties":{"siteId":"82000088","name":"172 - 82000088 - SR093 (JOHN B. DENNIS HWY.)","county":"Sullivan","road":"SR093","alias":"JOHN B. DENNIS HWY.","category":"CC","direction":"N/S"},"geometry":{"type":"Point","coordinates":[-82.5246769,36.5175384]}},{"type":"Feature","id":"82000094","properties":{"siteId":"82000094","name":"173 - 82000094 - SR093 (JOHN B. DENNIS HWY.)","county":"Sullivan","road":"SR093","alias":"JOHN B. DENNIS HWY.","category":"CC","direction":"N/S"},"geometry":{"type":"Point","coordinates":[-82.5058434,36.5393769]}},{"type":"Feature","id":"82000114","properties":{"siteId":"82000114","name":"174 - 82000114 - SR093 (JOHN B. DENNIS HWY.)","county":"Sullivan","road":"SR093","alias":"JOHN B. DENNIS HWY.","category":"CC","direction":"N/S"},"geometry":{"type":"Point","coordinates":[-82.53525695,36.51195418]}},{"type":"Feature","id":"82000288","properties":{"siteId":"82000288","name":"175 - 82000288 - SR093 (JOHN B. DENNIS HWY.)","county":"Sullivan","road":"SR093","alias":"JOHN B. DENNIS HWY.","category":"CC","direction":"N/S"},"geometry":{"type":"Point","coordinates":[-82.5030975,36.5329743]}},{"type":"Feature","id":"90000211","properties":{"siteId":"90000211","name":"176 - 90000211 - 04217 (COURTHOUSE SQUARE)","county":"Washington","road":"04217","alias":"COURTHOUSE SQUARE","category":"CC","direction":"2-WAY"},"geometry":{"type":"Point","coordinates":[-82.4726585,36.2939892]}},{"type":"Feature","id":"09000092","properties":{"siteId":"09000092","name":"1 - 09000092 - SR124 (CEDAR ST.)","county":"Carroll","road":"SR124","alias":"CEDAR ST.","category":"CC","direction":"N/S"},"geometry":{"type":"Point","coordinates":[-88.51961582,36.1327531]}},{"type":"Feature","id":"09000094","properties":{"siteId":"09000094","name":"2 - 09000094 - SR022 (VETERANS DR. S.)","county":"Carroll","road":"SR022","alias":"VETERANS DR. S.","category":"CC","direction":"E/W"},"geometry":{"type":"Point","coordinates":[-88.4335713,35.9933815]}},{"type":"Feature","id":"09000154","properties":{"siteId":"09000154","name":"3 - 09000154 - SR022 (HUNTINGDON MCKENZIE HWY.)","county":"Carroll","road":"SR022","alias":"HUNTINGDON MCKENZIE HWY.","category":"CC","direction":"N/S"},"geometry":{"type":"Point","coordinates":[-88.4907776,36.1228847]}},{"type":"Feature","id":"17000078","properties":{"siteId":"17000078","name":"4 - 17000078 - SR020 (HWY. 412 S.)","county":"Crockett","road":"SR020","alias":"HWY. 412 S.","category":"CC","direction":"E/W"},"geometry":{"type":"Point","coordinates":[-89.1213811,35.7696761]}},{"type":"Feature","id":"23000152","properties":{"siteId":"23000152","name":"5 - 23000152 - SR020 (US-412)","county":"Dyer","road":"SR020","alias":"US-412","category":"CC","direction":"N/S"},"geometry":{"type":"Point","coordinates":[-89.3391585,36.058567]}},{"type":"Feature","id":"24000100","properties":{"siteId":"24000100","name":"6 - 24000100 - SR015 (FAYETTE ST.)","county":"Fayette","road":"SR015","alias":"FAYETTE ST.","category":"CC","direction":"E/W"},"geometry":{"type":"Point","coordinates":[-89.3054147,35.2466689]}},{"type":"Feature","id":"24000113","properties":{"siteId":"24000113","name":"7 - 24000113 - I0040 (I-40)","county":"Fayette","road":"I0040","alias":"I-40","category":"EDL","direction":"E/W"},"geometry":{"type":"Point","coordinates":[-89.5677677,35.3225841]}},{"type":"Feature","id":"27000163","properties":{"siteId":"27000163","name":"8 - 27000163 - SR366 (HWY. 70 / 79 BYPASS)","county":"Gibson","road":"SR366","alias":"HWY. 70 / 79 BYPASS","category":"CC","direction":"E/W"},"geometry":{"type":"Point","coordinates":[-88.9234157,35.8373107]}},{"type":"Feature","id":"27000233","properties":{"siteId":"27000233","name":"9 - 27000233 - SR043 (HWY. 45 BYPASS)","county":"Gibson","road":"SR043","alias":"HWY. 45 BYPASS","category":"CC","direction":"N/S"},"geometry":{"type":"Point","coordinates":[-88.8201615,36.0834922]}},{"type":"Feature","id":"35000109","properties":{"siteId":"35000109","name":"10 - 35000109 - SR015 (US-64)","county":"Hardeman","road":"SR015","alias":"US-64","category":"CC","direction":"E/W"},"geometry":{"type":"Point","coordinates":[-89.0653402,35.2906874]}},{"type":"Feature","id":"36000074","properties":{"siteId":"36000074","name":"11 - 36000074 - SR015 (WAYNE RD.)","county":"Hardin","road":"SR015","alias":"WAYNE RD.","category":"CC","direction":"E/W"},"geometry":{"type":"Point","coordinates":[-88.2430269,35.2252531]}},{"type":"Feature","id":"36000126","properties":{"siteId":"36000126","name":"12 - 36000126 - SR114 (BILLY NANCE MEMORIAL HWY.)","county":"Hardin","road":"SR114","alias":"BILLY NANCE MEMORIAL HWY.","category":"CC","direction":"N/S"},"geometry":{"type":"Point","coordinates":[-88.05336078,35.3915795]}},{"type":"Feature","id":"38000125","properties":{"siteId":"38000125","name":"13 - 38000125 - SR019 (BROWNSVILLE BYPASS)","county":"Haywood","road":"SR019","alias":"BROWNSVILLE BYPASS","category":"CC","direction":"E/W"},"geometry":{"type":"Point","coordinates":[-89.2879983,35.587438]}},{"type":"Feature","id":"39000065","properties":{"siteId":"39000065","name":"14 - 39000065 - I0040 (I-40)","county":"Henderson","road":"I0040","alias":"I-40","category":"EDL","direction":"E/W"},"geometry":{"type":"Point","coordinates":[-88.2632607,35.8187421]}},{"type":"Feature","id":"39000135","properties":{"siteId":"39000135","name":"15 - 39000135 - I0040 (I-40)","county":"Henderson","road":"I0040","alias":"I-40","category":"EDL","direction":"E/W"},"geometry":{"type":"Point","coordinates":[-88.2002938,35.815619]}},{"type":"Feature","id":"39000136","properties":{"siteId":"39000136","name":"16 - 39000136 - SR459 (SR-459)","county":"Henderson","road":"SR459","alias":"SR-459","category":"CC","direction":"N/S"},"geometry":{"type":"Point","coordinates":[-88.42531087,35.62674767]}},{"type":"Feature","id":"57000041","properties":{"siteId":"57000041","name":"17 - 57000041 - SR005 (S. HIGHLAND AVE.)","county":"Madison","road":"SR005","alias":"S. HIGHLAND AVE.","category":"CC","direction":"N/S"},"geometry":{"type":"Point","coordinates":[-88.814078,35.593725]}},{"type":"Feature","id":"57000065","properties":{"siteId":"57000065","name":"18 - 57000065 - SR005 (HWY. 45 S.)","county":"Madison","road":"SR005","alias":"HWY. 45 S.","category":"CC","direction":"N/S"},"geometry":{"type":"Point","coordinates":[-88.7269853,35.4947976]}},{"type":"Feature","id":"57000239","properties":{"siteId":"57000239","name":"19 - 57000239 - SR186 (KEITH SHORT BYPASS)","county":"Madison","road":"SR186","alias":"KEITH SHORT BYPASS","category":"CC","direction":"N/S"},"geometry":{"type":"Point","coordinates":[-88.8553201,35.6979583]}},{"type":"Feature","id":"57000250","properties":{"siteId":"57000250","name":"20 - 57000250 - SR186 (KEITH SHORT BYPASS)","county":"Madison","road":"SR186","alias":"KEITH SHORT BYPASS","category":"CC","direction":"N/S"},"geometry":{"type":"Point","coordinates":[-88.8555347,35.6802848]}},{"type":"Feature","id":"66000130","properties":{"siteId":"66000130","name":"21 - 66000130 - SR003 (US-HWY. 51)","county":"Obion","road":"SR003","alias":"US-HWY. 51","category":"CC","direction":"N/S"},"geometry":{"type":"Point","coordinates":[-88.9848789,36.46046]}},{"type":"Feature","id":"66000150","properties":{"siteId":"66000150","name":"22 - 66000150 - SR003 (S. US-HWY. 51)","county":"Obion","road":"SR003","alias":"S. US-HWY. 51","category":"CC","direction":"N/S"},"geometry":{"type":"Point","coordinates":[-89.215185,36.2343389]}},{"type":"Feature","id":"66000190","properties":{"siteId":"66000190","name":"23 - 66000190 - SR022 (E. STATE HWY. 22)","county":"Obion","road":"SR022","alias":"E. STATE HWY. 22","category":"CC","direction":"N/S"},"geometry":{"type":"Point","coordinates":[-88.9996578,36.4159336]}},{"type":"Feature","id":"66000203","properties":{"siteId":"66000203","name":"24 - 66000203 - SR690","county":"Obion","road":"SR690","alias":"FIRST_COUNT_COLLECTED:","category":"CC","direction":"N/S"},"geometry":{"type":"Point","coordinates":[-89.0879493,36.4075533]}},{"type":"Feature","id":"66000207","properties":{"siteId":"66000207","name":"25 - 66000207 - SR690","county":"Obion","road":"SR690","alias":"FIRST_COUNT_COLLECTED:","category":"CC","direction":"N/S"},"geometry":{"type":"Point","coordinates":[-89.0186006,36.4668021]}},{"type":"Feature","id":"79000037","properties":{"siteId":"79000037","name":"26 - 79000037 - 01459 (OLD BRUNSWICK RD.)","county":"Shelby","road":"01459","alias":"OLD BRUNSWICK RD.","category":"CC","direction":"N/S"},"geometry":{"type":"Point","coordinates":[-89.7452672,35.3465957]}},{"type":"Feature","id":"79000050","properties":{"siteId":"79000050","name":"27 - 79000050 - SR015 (US-HWY. 64)","county":"Shelby","road":"SR015","alias":"US-HWY. 64","category":"EDL","direction":"E/W"},"geometry":{"type":"Point","coordinates":[-89.8199025,35.2040215]}},{"type":"Feature","id":"79000081","properties":{"siteId":"79000081","name":"28 - 79000081 - 05757 (COLLIERVILLE-ARLINGTON RD)","county":"Shelby","road":"05757","alias":"COLLIERVILLE-ARLINGTON RD","category":"CC","direction":"N/S"},"geometry":{"type":"Point","coordinates":[-89.6624133,35.1514087]}},{"type":"Feature","id":"79000116","properties":{"siteId":"79000116","name":"29 - 79000116 - SR175 (SHELBY DR.)","county":"Shelby","road":"SR175","alias":"SHELBY DR.","category":"EDL","direction":"E/W"},"geometry":{"type":"Point","coordinates":[-89.768586,35.0206245]}},{"type":"Feature","id":"79000146","properties":{"siteId":"79000146","name":"30 - 79000146 - SR001 (E.H. CRUMP BLVD.)","county":"Shelby","road":"SR001","alias":"E.H. CRUMP BLVD.","category":"CC","direction":"E/W"},"geometry":{"type":"Point","coordinates":[-90.0529911,35.1245494]}},{"type":"Feature","id":"79000258","properties":{"siteId":"79000258","name":"31 - 79000258 - SR177 (GERMANTOWN RD.)","county":"Shelby","road":"SR177","alias":"GERMANTOWN RD.","category":"EDL","direction":"N/S"},"geometry":{"type":"Point","coordinates":[-89.7928613,35.1810879]}},{"type":"Feature","id":"79000288","properties":{"siteId":"79000288","name":"32 - 79000288 - I0055 (I-55)","county":"Shelby","road":"I0055","alias":"I-55","category":"CC","direction":"E/W"},"geometry":{"type":"Point","coordinates":[-90.0707345,35.1248645]}},{"type":"Feature","id":"79000298","properties":{"siteId":"79000298","name":"33 - 79000298 - 02810 (PLOUGH BLVD.)","county":"Shelby","road":"02810","alias":"PLOUGH BLVD.","category":"CC","direction":"N/S"},"geometry":{"type":"Point","coordinates":[-89.986186,35.073333]}},{"type":"Feature","id":"79000299","properties":{"siteId":"79000299","name":"34 - 79000299 - 02810 (PLOUGH BLVD.)","county":"Shelby","road":"02810","alias":"PLOUGH BLVD.","category":"CC","direction":"N/S"},"geometry":{"type":"Point","coordinates":[-89.9885771,35.0615958]}},{"type":"Feature","id":"79000306","properties":{"siteId":"79000306","name":"35 - 79000306 - SR176 (NEW GETWELL RD.)","county":"Shelby","road":"SR176","alias":"NEW GETWELL RD.","category":"EDL","direction":"N/S"},"geometry":{"type":"Point","coordinates":[-89.9369845,35.0393655]}},{"type":"Feature","id":"79000307","properties":{"siteId":"79000307","name":"36 - 79000307 - SR176 (GETWELL RD.)","county":"Shelby","road":"SR176","alias":"GETWELL RD.","category":"CC","direction":"N/S"},"geometry":{"type":"Point","coordinates":[-89.93690041,35.01196205]}},{"type":"Feature","id":"79000309","properties":{"siteId":"79000309","name":"37 - 79000309 - 02814 (COVINGTON PK.)","county":"Shelby","road":"02814","alias":"COVINGTON PK.","category":"CC","direction":"N/S"},"geometry":{"type":"Point","coordinates":[-89.9056591,35.165402]}},{"type":"Feature","id":"79000311","properties":{"siteId":"79000311","name":"38 - 79000311 - SR014 (JACKSON AVE.)","county":"Shelby","road":"SR014","alias":"JACKSON AVE.","category":"CC","direction":"N/S"},"geometry":{"type":"Point","coordinates":[-89.93235669,35.18371134]}},{"type":"Feature","id":"79000317","properties":{"siteId":"79000317","name":"39 - 79000317 - 02806 (N. WATKINS ST.)","county":"Shelby","road":"02806","alias":"N. WATKINS ST.","category":"CC","direction":"N/S"},"geometry":{"type":"Point","coordinates":[-90.007966,35.19492111]}},{"type":"Feature","id":"79000319","properties":{"siteId":"79000319","name":"40 - 79000319 - SR300 (STATE HWY. 300)","county":"Shelby","road":"SR300","alias":"STATE HWY. 300","category":"CC","direction":"E/W"},"geometry":{"type":"Point","coordinates":[-90.0241961,35.197283]}},{"type":"Feature","id":"79000320","properties":{"siteId":"79000320","name":"41 - 79000320 - SR003 (THOMAS ST.)","county":"Shelby","road":"SR003","alias":"THOMAS ST.","category":"CC","direction":"N/S"},"geometry":{"type":"Point","coordinates":[-90.03366389,35.20463634]}},{"type":"Feature","id":"79000326","properties":{"siteId":"79000326","name":"42 - 79000326 - SR014 (AUSTIN PEAY HWY.)","county":"Shelby","road":"SR014","alias":"AUSTIN PEAY HWY.","category":"CC","direction":"N/S"},"geometry":{"type":"Point","coordinates":[-89.8984715,35.2319393]}},{"type":"Feature","id":"79000351","properties":{"siteId":"79000351","name":"43 - 79000351 - 02883 (DEMOCRAT RD.)","county":"Shelby","road":"02883","alias":"DEMOCRAT RD.","category":"CC","direction":"E/W"},"geometry":{"type":"Point","coordinates":[-89.9708505,35.0690568]}},{"type":"Feature","id":"79000357","properties":{"siteId":"79000357","name":"44 - 79000357 - 02807 (SOUTH PKWY. E.)","county":"Shelby","road":"02807","alias":"SOUTH PKWY. E.","category":"CC","direction":"E/W"},"geometry":{"type":"Point","coordinates":[-90.0016978,35.1089612]}},{"type":"Feature","id":"79000370","properties":{"siteId":"79000370","name":"45 - 79000370 - 04187 (GOODLETT ST.)","county":"Shelby","road":"04187","alias":"GOODLETT ST.","category":"CC","direction":"N/S"},"geometry":{"type":"Point","coordinates":[-89.92597709,35.11794823]}},{"type":"Feature","id":"79000374","properties":{"siteId":"79000374","name":"46 - 79000374 - 02840 (AIRWAYS RD.)","county":"Shelby","road":"02840","alias":"AIRWAYS RD.","category":"CC","direction":"N/S"},"geometry":{"type":"Point","coordinates":[-89.98991143,35.00024806]}},{"type":"Feature","id":"79000381","properties":{"siteId":"79000381","name":"47 - 79000381 - 02828 (RIDGEWAY RD.)","county":"Shelby","road":"02828","alias":"RIDGEWAY RD.","category":"CC","direction":"N/S"},"geometry":{"type":"Point","coordinates":[-89.8586884,35.0921288]}},{"type":"Feature","id":"79000385","properties":{"siteId":"79000385","name":"48 - 79000385 - SR385 (PAUL W. BARRET PKWY.)","county":"Shelby","road":"SR385","alias":"PAUL W. BARRET PKWY.","category":"CC","direction":"E/W"},"geometry":{"type":"Point","coordinates":[-89.9121546,35.3305358]}},{"type":"Feature","id":"79000386","properties":{"siteId":"79000386","name":"49 - 79000386 - SR385 (PAUL W. BARRET PKWY.)","county":"Shelby","road":"SR385","alias":"PAUL W. BARRET PKWY.","category":"CC","direction":"E/W"},"geometry":{"type":"Point","coordinates":[-89.8824017,35.3244435]}},{"type":"Feature","id":"79000395","properties":{"siteId":"79000395","name":"50 - 79000395 - 02870 (TCHULAHOMA RD.)","county":"Shelby","road":"02870","alias":"TCHULAHOMA RD.","category":"CC","direction":"N/S"},"geometry":{"type":"Point","coordinates":[-89.951038,35.0548877]}},{"type":"Feature","id":"79000406","properties":{"siteId":"79000406","name":"51 - 79000406 - SR177 (GERMANTOWN RD.)","county":"Shelby","road":"SR177","alias":"GERMANTOWN RD.","category":"CC","direction":"N/S"},"geometry":{"type":"Point","coordinates":[-89.7957072,35.1402963]}},{"type":"Feature","id":"79000407","properties":{"siteId":"79000407","name":"52 - 79000407 - SR388 (N. WATKINS RD.)","county":"Shelby","road":"SR388","alias":"N. WATKINS RD.","category":"EDL","direction":"N/S"},"geometry":{"type":"Point","coordinates":[-90.0166741,35.3217593]}},{"type":"Feature","id":"79000408","properties":{"siteId":"79000408","name":"53 - 79000408 - SR388 (N. WATKINS RD.)","county":"Shelby","road":"SR388","alias":"N. WATKINS RD.","category":"EDL","direction":"N/S"},"geometry":{"type":"Point","coordinates":[-90.0254314,35.2781605]}},{"type":"Feature","id":"79000412","properties":{"siteId":"79000412","name":"54 - 79000412 - I0055 (I-55)","county":"Shelby","road":"I0055","alias":"I-55","category":"CC","direction":"E/W"},"geometry":{"type":"Point","coordinates":[-90.0732371,35.1255387]}},{"type":"Feature","id":"79000416","properties":{"siteId":"79000416","name":"55 - 79000416 - 04049 (BYHALIA RD.)","county":"Shelby","road":"04049","alias":"BYHALIA RD.","category":"CC","direction":"N/S"},"geometry":{"type":"Point","coordinates":[-89.68604548,35.05745818]}},{"type":"Feature","id":"79000422","properties":{"siteId":"79000422","name":"56 - 79000422 - 02824 (S. HIGHLAND ST.)","county":"Shelby","road":"02824","alias":"S. HIGHLAND ST.","category":"CC","direction":"N/S"},"geometry":{"type":"Point","coordinates":[-89.9459059,35.1116711]}},{"type":"Feature","id":"79000455","properties":{"siteId":"79000455","name":"57 - 79000455 - 02878 (RALEIGH-LAGRANGE RD.)","county":"Shelby","road":"02878","alias":"RALEIGH-LAGRANGE RD.","category":"CC","direction":"E/W"},"geometry":{"type":"Point","coordinates":[-89.8775346,35.1838483]}},{"type":"Feature","id":"79000488","properties":{"siteId":"79000488","name":"58 - 79000488 - SR003 (UNION AVE.)","county":"Shelby","road":"SR003","alias":"UNION AVE.","category":"CC","direction":"E/W"},"geometry":{"type":"Point","coordinates":[-90.0265714,35.1378402]}},{"type":"Feature","id":"79000519","properties":{"siteId":"79000519","name":"59 - 79000519 - SR057 (POPLAR AVE.)","county":"Shelby","road":"SR057","alias":"POPLAR AVE.","category":"CC","direction":"E/W"},"geometry":{"type":"Point","coordinates":[-89.8807461,35.1066175]}},{"type":"Feature","id":"79000529","properties":{"siteId":"79000529","name":"60 - 79000529 - SR003 (ELVIS PRESLEY BLVD.)","county":"Shelby","road":"SR003","alias":"ELVIS PRESLEY BLVD.","category":"CC","direction":"N/S"},"geometry":{"type":"Point","coordinates":[-90.0252369,35.0149351]}},{"type":"Feature","id":"79000536","properties":{"siteId":"79000536","name":"61 - 79000536 - SR175 (WEAVER RD.)","county":"Shelby","road":"SR175","alias":"WEAVER RD.","category":"CC","direction":"N/S"},"geometry":{"type":"Point","coordinates":[-90.09647989,35.008242]}},{"type":"Feature","id":"79000538","properties":{"siteId":"79000538","name":"62 - 79000538 - SR003 (N. B.B. KING BLVD.)","county":"Shelby","road":"SR003","alias":"N. B.B. KING BLVD.","category":"CC","direction":"N/S"},"geometry":{"type":"Point","coordinates":[-90.0469088,35.1530673]}},{"type":"Feature","id":"79000553","properties":{"siteId":"79000553","name":"63 - 79000553 - 05011 (HUMPHREYS BLVD.)","county":"Shelby","road":"05011","alias":"HUMPHREYS BLVD.","category":"CC","direction":"E/W"},"geometry":{"type":"Point","coordinates":[-89.856016,35.1308563]}},{"type":"Feature","id":"79000555","properties":{"siteId":"79000555","name":"64 - 79000555 - 05131 (KIRBY-WHITTEN PKWY.)","county":"Shelby","road":"05131","alias":"KIRBY-WHITTEN PKWY.","category":"CC","direction":"N/S"},"geometry":{"type":"Point","coordinates":[-89.8357538,35.223785]}},{"type":"Feature","id":"79000562","properties":{"siteId":"79000562","name":"65 - 79000562 - SR177 (GERMANTOWN RD.)","county":"Shelby","road":"SR177","alias":"GERMANTOWN RD.","category":"CC","direction":"N/S"},"geometry":{"type":"Point","coordinates":[-89.8128861,35.0544619]}},{"type":"Feature","id":"79000581","properties":{"siteId":"79000581","name":"66 - 79000581 - 02871 (KIRBY PKWY.)","county":"Shelby","road":"02871","alias":"KIRBY PKWY.","category":"CC","direction":"N/S"},"geometry":{"type":"Point","coordinates":[-89.84530309,35.04163956]}},{"type":"Feature","id":"79000612","properties":{"siteId":"79000612","name":"67 - 79000612 - SR014 (AUSTIN PEAY HWY.)","county":"Shelby","road":"SR014","alias":"AUSTIN PEAY HWY.","category":"CC","direction":"N/S"},"geometry":{"type":"Point","coordinates":[-89.9247751,35.1992927]}},{"type":"Feature","id":"79000623","properties":{"siteId":"79000623","name":"68 - 79000623 - 02870 (AMERICAN WAY)","county":"Shelby","road":"02870","alias":"AMERICAN WAY","category":"CC","direction":"N/S"},"geometry":{"type":"Point","coordinates":[-89.9544763,35.070287]}},{"type":"Feature","id":"79000633","properties":{"siteId":"79000633","name":"69 - 79000633 - 04183 (HACKS-CROSS RD.)","county":"Shelby","road":"04183","alias":"HACKS-CROSS RD.","category":"CC","direction":"N/S"},"geometry":{"type":"Point","coordinates":[-89.7931929,35.0607365]}},{"type":"Feature","id":"79000649","properties":{"siteId":"79000649","name":"70 - 79000649 - 05135 (APPLING RD.)","county":"Shelby","road":"05135","alias":"APPLING RD.","category":"CC","direction":"N/S"},"geometry":{"type":"Point","coordinates":[-89.8147253,35.1909764]}},{"type":"Feature","id":"79000677","properties":{"siteId":"79000677","name":"71 - 79000677 - 05131 (WHITTEN RD.)","county":"Shelby","road":"05131","alias":"WHITTEN RD.","category":"CC","direction":"N/S"},"geometry":{"type":"Point","coordinates":[-89.83669118,35.17045136]}},{"type":"Feature","id":"79000705","properties":{"siteId":"79000705","name":"72 - 79000705 - 05114 (RALEIGH-LAGRANGE RD.)","county":"Shelby","road":"05114","alias":"RALEIGH-LAGRANGE RD.","category":"CC","direction":"E/W"},"geometry":{"type":"Point","coordinates":[-89.91764385,35.20099801]}},{"type":"Feature","id":"79000708","properties":{"siteId":"79000708","name":"73 - 79000708 - 05260 (ORCHI RD.)","county":"Shelby","road":"05260","alias":"ORCHI RD.","category":"CC","direction":"N/S"},"geometry":{"type":"Point","coordinates":[-89.93596573,35.17708701]}},{"type":"Feature","id":"79000724","properties":{"siteId":"79000724","name":"74 - 79000724 - 02245 (OLD HWY. 78)","county":"Shelby","road":"02245","alias":"OLD HWY. 78","category":"CC","direction":"E/W"},"geometry":{"type":"Point","coordinates":[-89.87984677,34.99981089]}},{"type":"Feature","id":"79000733","properties":{"siteId":"79000733","name":"75 - 79000733 - 05026 (RIDGEWAY BLVD.)","county":"Shelby","road":"05026","alias":"RIDGEWAY BLVD.","category":"CC","direction":"E/W"},"geometry":{"type":"Point","coordinates":[-89.8591707,35.0435577]}},{"type":"Feature","id":"79000734","properties":{"siteId":"79000734","name":"76 - 79000734 - 02828 (HICKORY HILL DR.)","county":"Shelby","road":"02828","alias":"HICKORY HILL DR.","category":"CC","direction":"N/S"},"geometry":{"type":"Point","coordinates":[-89.8664111,35.0321839]}},{"type":"Feature","id":"79000741","properties":{"siteId":"79000741","name":"77 - 79000741 - 05033 (CROMWELL AVE.)","county":"Shelby","road":"05033","alias":"CROMWELL AVE.","category":"CC","direction":"E/W"},"geometry":{"type":"Point","coordinates":[-89.90634065,35.04632713]}},{"type":"Feature","id":"79000753","properties":{"siteId":"79000753","name":"78 - 79000753 - 05018 (FIVE COLONIES LN.)","county":"Shelby","road":"05018","alias":"FIVE COLONIES LN.","category":"CC","direction":"N/S"},"geometry":{"type":"Point","coordinates":[-89.83346007,35.06942003]}},{"type":"Feature","id":"79000759","properties":{"siteId":"79000759","name":"79 - 79000759 - 05027 (CLARKE RD.)","county":"Shelby","road":"05027","alias":"CLARKE RD.","category":"CC","direction":"N/S"},"geometry":{"type":"Point","coordinates":[-89.87578167,35.06686629]}},{"type":"Feature","id":"79000778","properties":{"siteId":"79000778","name":"80 - 79000778 - 05022 (LYNNFIELD RD.)","county":"Shelby","road":"05022","alias":"LYNNFIELD RD.","category":"CC","direction":"N/S"},"geometry":{"type":"Point","coordinates":[-89.86875395,35.09600111]}},{"type":"Feature","id":"79000793","properties":{"siteId":"79000793","name":"81 - 79000793 - 05188 (PATTERSON ST.)","county":"Shelby","road":"05188","alias":"PATTERSON ST.","category":"CC","direction":"N/S"},"geometry":{"type":"Point","coordinates":[-89.9405521,35.12230124]}},{"type":"Feature","id":"79000797","properties":{"siteId":"79000797","name":"82 - 79000797 - 05176 (COLONIAL RD.)","county":"Shelby","road":"05176","alias":"COLONIAL RD.","category":"CC","direction":"N/S"},"geometry":{"type":"Point","coordinates":[-89.90210512,35.11012227]}},{"type":"Feature","id":"79000801","properties":{"siteId":"79000801","name":"83 - 79000801 - 05154 (BRIERVIEW ST.)","county":"Shelby","road":"05154","alias":"BRIERVIEW ST.","category":"CC","direction":"N/S"},"geometry":{"type":"Point","coordinates":[-89.86304741,35.12954506]}},{"type":"Feature","id":"79000838","properties":{"siteId":"79000838","name":"84 - 79000838 - 05236 (G.E. PATTERSON AVE.)","county":"Shelby","road":"05236","alias":"G.E. PATTERSON AVE.","category":"CC","direction":"E/W"},"geometry":{"type":"Point","coordinates":[-90.05857078,35.13283929]}},{"type":"Feature","id":"79000851","properties":{"siteId":"79000851","name":"85 - 79000851 - 04441 (UNION AVE.)","county":"Shelby","road":"04441","alias":"UNION AVE.","category":"CC","direction":"E/W"},"geometry":{"type":"Point","coordinates":[-90.05565672,35.14379443]}},{"type":"Feature","id":"79000856","properties":{"siteId":"79000856","name":"86 - 79000856 - 05239 (ALABAMA AVE.)","county":"Shelby","road":"05239","alias":"ALABAMA AVE.","category":"CC","direction":"E/W"},"geometry":{"type":"Point","coordinates":[-90.03836899,35.14833336]}},{"type":"Feature","id":"79000857","properties":{"siteId":"79000857","name":"87 - 79000857 - 05220 (N. BELLEVUE BLVD.)","county":"Shelby","road":"05220","alias":"N. BELLEVUE BLVD.","category":"CC","direction":"N/S"},"geometry":{"type":"Point","coordinates":[-90.0201254,35.1508053]}},{"type":"Feature","id":"79000872","properties":{"siteId":"79000872","name":"88 - 79000872 - SR177 (WEST ST.)","county":"Shelby","road":"SR177","alias":"WEST ST.","category":"CC","direction":"N/S"},"geometry":{"type":"Point","coordinates":[-89.8115802,35.0895441]}},{"type":"Feature","id":"79000877","properties":{"siteId":"79000877","name":"89 - 79000877 - 05160 (EXETER RD.)","county":"Shelby","road":"05160","alias":"EXETER RD.","category":"CC","direction":"N/S"},"geometry":{"type":"Point","coordinates":[-89.8022554,35.094079]}},{"type":"Feature","id":"79000890","properties":{"siteId":"79000890","name":"90 - 79000890 - 02827 (MT. MORIAH RD. EXTD)","county":"Shelby","road":"02827","alias":"MT. MORIAH RD. EXTD","category":"CC","direction":"E/W"},"geometry":{"type":"Point","coordinates":[-89.85756457,35.07010059]}},{"type":"Feature","id":"79000897","properties":{"siteId":"79000897","name":"91 - 79000897 - 05203 (ALCY RD.)","county":"Shelby","road":"05203","alias":"ALCY RD.","category":"CC","direction":"E/W"},"geometry":{"type":"Point","coordinates":[-89.9914604,35.07825081]}},{"type":"Feature","id":"79000900","properties":{"siteId":"79000900","name":"92 - 79000900 - 05217 (N. AVALON ST.)","county":"Shelby","road":"05217","alias":"N. AVALON ST.","category":"CC","direction":"N/S"},"geometry":{"type":"Point","coordinates":[-90.00759271,35.13992803]}},{"type":"Feature","id":"79000912","properties":{"siteId":"79000912","name":"93 - 79000912 - 04385 (RIVERDALE RD.)","county":"Shelby","road":"04385","alias":"RIVERDALE RD.","category":"CC","direction":"N/S"},"geometry":{"type":"Point","coordinates":[-89.8267091,35.0582139]}},{"type":"Feature","id":"79000914","properties":{"siteId":"79000914","name":"94 - 79000914 - 04032 (SAM COOPER BLVD.)","county":"Shelby","road":"04032","alias":"SAM COOPER BLVD.","category":"CC","direction":"E/W"},"geometry":{"type":"Point","coordinates":[-89.9791559,35.1482009]}},{"type":"Feature","id":"79000915","properties":{"siteId":"79000915","name":"95 - 79000915 - 04032 (SAM COOPER BLVD.)","county":"Shelby","road":"04032","alias":"SAM COOPER BLVD.","category":"CC","direction":"E/W"},"geometry":{"type":"Point","coordinates":[-89.962666,35.1462662]}},{"type":"Feature","id":"79000933","properties":{"siteId":"79000933","name":"96 - 79000933 - 05462 (CHIMNEY ROCK BLVD.)","county":"Shelby","road":"05462","alias":"CHIMNEY ROCK BLVD.","category":"CC","direction":"E/W"},"geometry":{"type":"Point","coordinates":[-89.7706232,35.1766376]}},{"type":"Feature","id":"79000936","properties":{"siteId":"79000936","name":"97 - 79000936 - 05427 (YALE RD.)","county":"Shelby","road":"05427","alias":"YALE RD.","category":"CC","direction":"E/W"},"geometry":{"type":"Point","coordinates":[-89.825781,35.2149978]}},{"type":"Feature","id":"79000941","properties":{"siteId":"79000941","name":"98 - 79000941 - 02870 (TCHULAHOMA RD.)","county":"Shelby","road":"02870","alias":"TCHULAHOMA RD.","category":"CC","direction":"N/S"},"geometry":{"type":"Point","coordinates":[-89.9547855,35.0047022]}},{"type":"Feature","id":"79000965","properties":{"siteId":"79000965","name":"99 - 79000965 - 05153 (SANGA RD.)","county":"Shelby","road":"05153","alias":"SANGA RD.","category":"CC","direction":"N/S"},"geometry":{"type":"Point","coordinates":[-89.7713309,35.1562868]}},{"type":"Feature","id":"79000967","properties":{"siteId":"79000967","name":"100 - 79000967 - 05024 (GERMANTOWN RD.)","county":"Shelby","road":"05024","alias":"GERMANTOWN RD.","category":"CC","direction":"N/S"},"geometry":{"type":"Point","coordinates":[-89.82361748,35.04715056]}},{"type":"Feature","id":"79000968","properties":{"siteId":"79000968","name":"101 - 79000968 - 02871 (KIRBY PKWY.)","county":"Shelby","road":"02871","alias":"KIRBY PKWY.","category":"CC","direction":"N/S"},"geometry":{"type":"Point","coordinates":[-89.84386771,35.05084923]}},{"type":"Feature","id":"79000969","properties":{"siteId":"79000969","name":"102 - 79000969 - 02871 (KIRBY PKWY.)","county":"Shelby","road":"02871","alias":"KIRBY PKWY.","category":"CC","direction":"N/S"},"geometry":{"type":"Point","coordinates":[-89.84325796,35.06796763]}},{"type":"Feature","id":"79000972","properties":{"siteId":"79000972","name":"103 - 79000972 - 05030 (COTTONWOOD RD.)","county":"Shelby","road":"05030","alias":"COTTONWOOD RD.","category":"CC","direction":"E/W"},"geometry":{"type":"Point","coordinates":[-89.90920809,35.06938456]}},{"type":"Feature","id":"79000973","properties":{"siteId":"79000973","name":"104 - 79000973 - 04183 (HACKS-CROSS RD.)","county":"Shelby","road":"04183","alias":"HACKS-CROSS RD.","category":"CC","direction":"N/S"},"geometry":{"type":"Point","coordinates":[-89.7955656,35.0123444]}},{"type":"Feature","id":"79000974","properties":{"siteId":"79000974","name":"105 - 79000974 - 04183 (HACKS-CROSS RD.)","county":"Shelby","road":"04183","alias":"HACKS-CROSS RD.","category":"CC","direction":"N/S"},"geometry":{"type":"Point","coordinates":[-89.79596238,35.04184406]}},{"type":"Feature","id":"79000981","properties":{"siteId":"79000981","name":"106 - 79000981 - SR175 (BYHALIA RD.)","county":"Shelby","road":"SR175","alias":"BYHALIA RD.","category":"CC","direction":"N/S"},"geometry":{"type":"Point","coordinates":[-89.68905856,35.02925682]}},{"type":"Feature","id":"79000982","properties":{"siteId":"79000982","name":"107 - 79000982 - 05347 (BAILEY STATION RD.)","county":"Shelby","road":"05347","alias":"BAILEY STATION RD.","category":"CC","direction":"N/S"},"geometry":{"type":"Point","coordinates":[-89.7244425,35.0473157]}},{"type":"Feature","id":"79000988","properties":{"siteId":"79000988","name":"108 - 79000988 - 05135 (APPLING RD.)","county":"Shelby","road":"05135","alias":"APPLING RD.","category":"CC","direction":"N/S"},"geometry":{"type":"Point","coordinates":[-89.813621,35.1767491]}},{"type":"Feature","id":"79000989","properties":{"siteId":"79000989","name":"109 - 79000989 - 05131 (KIRBY-WHITTEN PKWY.)","county":"Shelby","road":"05131","alias":"KIRBY-WHITTEN PKWY.","category":"CC","direction":"N/S"},"geometry":{"type":"Point","coordinates":[-89.8406672,35.2071642]}},{"type":"Feature","id":"79001012","properties":{"siteId":"79001012","name":"110 - 79001012 - 05466 (DEMOCRAT RD.)","county":"Shelby","road":"05466","alias":"DEMOCRAT RD.","category":"CC","direction":"E/W"},"geometry":{"type":"Point","coordinates":[-89.98907685,35.06877233]}},{"type":"Feature","id":"79001013","properties":{"siteId":"79001013","name":"111 - 79001013 - 05466 (NONCONNAH BLVD.)","county":"Shelby","road":"05466","alias":"NONCONNAH BLVD.","category":"CC","direction":"E/W"},"geometry":{"type":"Point","coordinates":[-90.0066462,35.0714059]}},{"type":"Feature","id":"79001015","properties":{"siteId":"79001015","name":"112 - 79001015 - 05483 (APPLING RD.)","county":"Shelby","road":"05483","alias":"APPLING RD.","category":"CC","direction":"N/S"},"geometry":{"type":"Point","coordinates":[-89.81067405,35.23039308]}},{"type":"Feature","id":"79001022","properties":{"siteId":"79001022","name":"113 - 79001022 - 05431 (WOLF RIVER BLVD.)","county":"Shelby","road":"05431","alias":"WOLF RIVER BLVD.","category":"CC","direction":"E/W"},"geometry":{"type":"Point","coordinates":[-89.79995404,35.11271726]}},{"type":"Feature","id":"79001035","properties":{"siteId":"79001035","name":"114 - 79001035 - 05078 (NEELY RD.)","county":"Shelby","road":"05078","alias":"NEELY RD.","category":"CC","direction":"N/S"},"geometry":{"type":"Point","coordinates":[-90.05657612,35.02026122]}},{"type":"Feature","id":"79001042","properties":{"siteId":"79001042","name":"115 - 79001042 - 00801 (NORTHAVEN DR.)","county":"Shelby","road":"00801","alias":"NORTHAVEN DR.","category":"CC","direction":"E/W"},"geometry":{"type":"Point","coordinates":[-90.02957672,35.25867486]}},{"type":"Feature","id":"79001044","properties":{"siteId":"79001044","name":"116 - 79001044 - 01452 (JOHNSON RD.)","county":"Shelby","road":"01452","alias":"JOHNSON RD.","category":"CC","direction":"N/S"},"geometry":{"type":"Point","coordinates":[-89.75010399,35.09224415]}},{"type":"Feature","id":"79001045","properties":{"siteId":"79001045","name":"117 - 79001045 - 01452 (WOLF RIVER BLVD.)","county":"Shelby","road":"01452","alias":"WOLF RIVER BLVD.","category":"CC","direction":"E/W"},"geometry":{"type":"Point","coordinates":[-89.7370737,35.0953144]}},{"type":"Feature","id":"79001046","properties":{"siteId":"79001046","name":"118 - 79001046 - 01456 (WALNUT GROVE RD.)","county":"Shelby","road":"01456","alias":"WALNUT GROVE RD.","category":"CC","direction":"E/W"},"geometry":{"type":"Point","coordinates":[-89.7795599,35.128812]}},{"type":"Feature","id":"79001049","properties":{"siteId":"79001049","name":"119 - 79001049 - 05546 (MILTON WILSON RD.)","county":"Shelby","road":"05546","alias":"MILTON WILSON RD.","category":"CC","direction":"E/W"},"geometry":{"type":"Point","coordinates":[-89.6621839,35.2713302]}},{"type":"Feature","id":"84000079","properties":{"siteId":"84000079","name":"120 - 84000079 - SR014 (HWY. 14 S.)","county":"Tipton","road":"SR014","alias":"HWY. 14 S.","category":"CC","direction":"E/W"},"geometry":{"type":"Point","coordinates":[-89.59891504,35.48075552]}},{"type":"Feature","id":"84000081","properties":{"siteId":"84000081","name":"121 - 84000081 - SR014 (HWY. 14 N.)","county":"Tipton","road":"SR014","alias":"HWY. 14 N.","category":"CC","direction":"N/S"},"geometry":{"type":"Point","coordinates":[-89.51366246,35.55066184]}},{"type":"Feature","id":"84000135","properties":{"siteId":"84000135","name":"122 - 84000135 - SR003 (HWY. 51 N.)","county":"Tipton","road":"SR003","alias":"HWY. 51 N.","category":"CC","direction":"N/S"},"geometry":{"type":"Point","coordinates":[-89.6284628,35.6116489]}},{"type":"Feature","id":"92000115","properties":{"siteId":"92000115","name":"123 - 92000115 - SR043 (HWY. 45E)","county":"Weakley","road":"SR043","alias":"HWY. 45E","category":"CC","direction":"N/S"},"geometry":{"type":"Point","coordinates":[-88.861074,36.3952488]}},{"type":"Feature","id":"92000165","properties":{"siteId":"92000165","name":"124 - 92000165 - SR043 (HWY. 45E)","county":"Weakley","road":"SR043","alias":"HWY. 45E","category":"CC","direction":"E/W"},"geometry":{"type":"Point","coordinates":[-88.8140785,36.3179679]}},{"type":"Feature","id":"23000151","properties":{"siteId":"23000151","name":"1 - 23000151 - SR020 (US-412)","county":"Dyer","road":"SR020","alias":"US-412","category":"CC","direction":"N/S"},"geometry":{"type":"Point","coordinates":[-89.340832,36.0187132]}},{"type":"Feature","id":"23000187","properties":{"siteId":"23000187","name":"2 - 23000187 - SR003 (US-51 / 412)","county":"Dyer","road":"SR003","alias":"US-51 / 412","category":"CC","direction":"N/S"},"geometry":{"type":"Point","coordinates":[-89.3445582,36.0679066]}},{"type":"Feature","id":"57000114","properties":{"siteId":"57000114","name":"3 - 57000114 - SR005 (N. HIGHLAND AVE.)","county":"Madison","road":"SR005","alias":"N. HIGHLAND AVE.","category":"CC","direction":"N/S"},"geometry":{"type":"Point","coordinates":[-88.8294796,35.66903669]}},{"type":"Feature","id":"66000204","properties":{"siteId":"66000204","name":"4 - 66000204 - SR690","county":"Obion","road":"SR690","alias":"FIRST_COUNT_COLLECTED:","category":"CC","direction":"N/S"},"geometry":{"type":"Point","coordinates":[-89.0838829,36.4242165]}},{"type":"Feature","id":"66000205","properties":{"siteId":"66000205","name":"5 - 66000205 - SR690","county":"Obion","road":"SR690","alias":"FIRST_COUNT_COLLECTED:","category":"CC","direction":"N/S"},"geometry":{"type":"Point","coordinates":[-89.0735501,36.4375264]}},{"type":"Feature","id":"66000206","properties":{"siteId":"66000206","name":"6 - 66000206 - SR690","county":"Obion","road":"SR690","alias":"FIRST_COUNT_COLLECTED:","category":"CC","direction":"N/S"},"geometry":{"type":"Point","coordinates":[-89.0553764,36.4684426]}},{"type":"Feature","id":"66000208","properties":{"siteId":"66000208","name":"7 - 66000208 - sr003","county":"Obion","road":"sr003","alias":"FIRST_COUNT_COLLECTED:","category":"CC","direction":"N/S"},"geometry":{"type":"Point","coordinates":[-88.93052,36.48717]}},{"type":"Feature","id":"79000003R","properties":{"siteId":"79000003R","name":"8 - 79000003R - I0040 (I-40)","county":"Shelby","road":"I0040","alias":"I-40","category":"RP","direction":"RAMP"},"geometry":{"type":"Point","coordinates":[-89.76910596,35.20568042]}},{"type":"Feature","id":"79000007","properties":{"siteId":"79000007","name":"9 - 79000007 - 01466 (KERR-ROSEMARK RD.)","county":"Shelby","road":"01466","alias":"KERR-ROSEMARK RD.","category":"CC","direction":"2-WAY"},"geometry":{"type":"Point","coordinates":[-89.78324242,35.36341492]}},{"type":"Feature","id":"79000007R","properties":{"siteId":"79000007R","name":"10 - 79000007R - I0040 (I-40)","county":"Shelby","road":"I0040","alias":"I-40","category":"RP","direction":"RAMP"},"geometry":{"type":"Point","coordinates":[-89.79483258,35.19555487]}},{"type":"Feature","id":"79000008R","properties":{"siteId":"79000008R","name":"11 - 79000008R - I0040 (I-40)","county":"Shelby","road":"I0040","alias":"I-40","category":"RP","direction":"RAMP"},"geometry":{"type":"Point","coordinates":[-89.79377571,35.19497594]}},{"type":"Feature","id":"79000011R","properties":{"siteId":"79000011R","name":"12 - 79000011R - I0040 (I-40)","county":"Shelby","road":"I0040","alias":"I-40","category":"RP","direction":"RAMP"},"geometry":{"type":"Point","coordinates":[-89.81142477,35.1857755]}},{"type":"Feature","id":"79000012R","properties":{"siteId":"79000012R","name":"13 - 79000012R - I0040 (I-40)","county":"Shelby","road":"I0040","alias":"I-40","category":"RP","direction":"RAMP"},"geometry":{"type":"Point","coordinates":[-89.81066236,35.18539867]}},{"type":"Feature","id":"79000016","properties":{"siteId":"79000016","name":"14 - 79000016 - 00813 (SHELBY RD.)","county":"Shelby","road":"00813","alias":"SHELBY RD.","category":"CC","direction":"E/W"},"geometry":{"type":"Point","coordinates":[-89.9170661,35.34696142]}},{"type":"Feature","id":"79000017","properties":{"siteId":"79000017","name":"15 - 79000017 - 00813 (QUITO RD.)","county":"Shelby","road":"00813","alias":"QUITO RD.","category":"CC","direction":"2-WAY"},"geometry":{"type":"Point","coordinates":[-89.9225349,35.3553381]}},{"type":"Feature","id":"79000034","properties":{"siteId":"79000034","name":"16 - 79000034 - 01463 (SLEDGE RD.)","county":"Shelby","road":"01463","alias":"SLEDGE RD.","category":"CC","direction":"2-WAY"},"geometry":{"type":"Point","coordinates":[-89.83520333,35.30972585]}},{"type":"Feature","id":"79000038R","properties":{"siteId":"79000038R","name":"17 - 79000038R - 04032 (SAM COOPER BLVD.)","county":"Shelby","road":"04032","alias":"SAM COOPER BLVD.","category":"RP","direction":"RAMP"},"geometry":{"type":"Point","coordinates":[-89.94662724,35.14838012]}},{"type":"Feature","id":"79000039","properties":{"siteId":"79000039","name":"18 - 79000039 - 0K641 (MILLINGTON-ARLINGTON RD.)","county":"Shelby","road":"0K641","alias":"MILLINGTON-ARLINGTON RD.","category":"CC","direction":"2-WAY"},"geometry":{"type":"Point","coordinates":[-89.69235983,35.32920139]}},{"type":"Feature","id":"79000041","properties":{"siteId":"79000041","name":"19 - 79000041 - 0K641 (COLLIERVILLE-ARLINGTON RD)","county":"Shelby","road":"0K641","alias":"COLLIERVILLE-ARLINGTON RD","category":"CC","direction":"2-WAY"},"geometry":{"type":"Point","coordinates":[-89.66847441,35.30794807]}},{"type":"Feature","id":"79000045R","properties":{"siteId":"79000045R","name":"20 - 79000045R - I0055 (I-55)","county":"Shelby","road":"I0055","alias":"I-55","category":"RP","direction":"RAMP"},"geometry":{"type":"Point","coordinates":[-90.00342257,35.01976591]}},{"type":"Feature","id":"79000046R","properties":{"siteId":"79000046R","name":"21 - 79000046R - I0055 (I-55)","county":"Shelby","road":"I0055","alias":"I-55","category":"RP","direction":"RAMP"},"geometry":{"type":"Point","coordinates":[-90.00359305,35.01920461]}},{"type":"Feature","id":"79000049R","properties":{"siteId":"79000049R","name":"22 - 79000049R - I0055 (I-55)","county":"Shelby","road":"I0055","alias":"I-55","category":"RP","direction":"RAMP"},"geometry":{"type":"Point","coordinates":[-90.00325936,35.02190129]}},{"type":"Feature","id":"79000059","properties":{"siteId":"79000059","name":"23 - 79000059 - 02806 (N. WATKINS ST.)","county":"Shelby","road":"02806","alias":"N. WATKINS ST.","category":"CC","direction":"N/S"},"geometry":{"type":"Point","coordinates":[-90.00975862,35.2337315]}},{"type":"Feature","id":"79000089R","properties":{"siteId":"79000089R","name":"24 - 79000089R - I0040 (I-40)","county":"Shelby","road":"I0040","alias":"I-40","category":"RP","direction":"RAMP"},"geometry":{"type":"Point","coordinates":[-90.02331572,35.14700233]}},{"type":"Feature","id":"79000091","properties":{"siteId":"79000091","name":"25 - 79000091 - 02837 (MITCHELL RD.)","county":"Shelby","road":"02837","alias":"MITCHELL RD.","category":"CC","direction":"2-WAY"},"geometry":{"type":"Point","coordinates":[-90.08991379,35.05605127]}},{"type":"Feature","id":"79000094R","properties":{"siteId":"79000094R","name":"26 - 79000094R - I0040 (I-40)","county":"Shelby","road":"I0040","alias":"I-40","category":"RP","direction":"RAMP"},"geometry":{"type":"Point","coordinates":[-90.04206352,35.1522077]}},{"type":"Feature","id":"79000096R","properties":{"siteId":"79000096R","name":"27 - 79000096R - I0040 (I-40)","county":"Shelby","road":"I0040","alias":"I-40","category":"RP","direction":"RAMP"},"geometry":{"type":"Point","coordinates":[-90.04663159,35.15242192]}},{"type":"Feature","id":"79000104","properties":{"siteId":"79000104","name":"28 - 79000104 - 05572 (RALEIGH-LAGRANGE RD.)","county":"Shelby","road":"05572","alias":"RALEIGH-LAGRANGE RD.","category":"CC","direction":"2-WAY"},"geometry":{"type":"Point","coordinates":[-89.71983371,35.11708544]}},{"type":"Feature","id":"79000106","properties":{"siteId":"79000106","name":"29 - 79000106 - 05757 (COLLIERVILLE-ARLINGTON RD)","county":"Shelby","road":"05757","alias":"COLLIERVILLE-ARLINGTON RD","category":"CC","direction":"N/S"},"geometry":{"type":"Point","coordinates":[-89.6542104,35.0616567]}},{"type":"Feature","id":"79000131R","properties":{"siteId":"79000131R","name":"30 - 79000131R - I0040 (I-40)","county":"Shelby","road":"I0040","alias":"I-40","category":"RP","direction":"RAMP"},"geometry":{"type":"Point","coordinates":[-89.92792302,35.19212979]}},{"type":"Feature","id":"79000133R","properties":{"siteId":"79000133R","name":"31 - 79000133R - I0040 (I-40)","county":"Shelby","road":"I0040","alias":"I-40","category":"RP","direction":"RAMP"},"geometry":{"type":"Point","coordinates":[-89.92392679,35.19166312]}},{"type":"Feature","id":"79000136R","properties":{"siteId":"79000136R","name":"32 - 79000136R - I0040 (I-40)","county":"Shelby","road":"I0040","alias":"I-40","category":"RP","direction":"RAMP"},"geometry":{"type":"Point","coordinates":[-89.90284185,35.1706575]}},{"type":"Feature","id":"79000140","properties":{"siteId":"79000140","name":"33 - 79000140 - SR014 (A.W. WILLIS AVE.)","county":"Shelby","road":"SR014","alias":"A.W. WILLIS AVE.","category":"CC","direction":"E/W"},"geometry":{"type":"Point","coordinates":[-90.041748,35.1559051]}},{"type":"Feature","id":"79000141","properties":{"siteId":"79000141","name":"34 - 79000141 - SR003 (N. B.B. KING BLVD.)","county":"Shelby","road":"SR003","alias":"N. B.B. KING BLVD.","category":"CC","direction":"1-WAY"},"geometry":{"type":"Point","coordinates":[-90.04894144,35.14802458]}},{"type":"Feature","id":"79000146R","properties":{"siteId":"79000146R","name":"35 - 79000146R - I0240 (I-240)","county":"Shelby","road":"I0240","alias":"I-240","category":"RP","direction":"RAMP"},"geometry":{"type":"Point","coordinates":[-89.8679246,35.1338727]}},{"type":"Feature","id":"79000149","properties":{"siteId":"79000149","name":"36 - 79000149 - SR004 (LAMAR AVE.)","county":"Shelby","road":"SR004","alias":"LAMAR AVE.","category":"CC","direction":"E/W"},"geometry":{"type":"Point","coordinates":[-90.02494555,35.13098944]}},{"type":"Feature","id":"79000149R","properties":{"siteId":"79000149R","name":"37 - 79000149R - I0240 (I-240)","county":"Shelby","road":"I0240","alias":"I-240","category":"RP","direction":"RAMP"},"geometry":{"type":"Point","coordinates":[-89.8686448,35.1295176]}},{"type":"Feature","id":"79000152R","properties":{"siteId":"79000152R","name":"38 - 79000152R - I0240 (I-240)","county":"Shelby","road":"I0240","alias":"I-240","category":"RP","direction":"RAMP"},"geometry":{"type":"Point","coordinates":[-89.86978504,35.10649017]}},{"type":"Feature","id":"79000153R","properties":{"siteId":"79000153R","name":"39 - 79000153R - I0240 (I-240)","county":"Shelby","road":"I0240","alias":"I-240","category":"RP","direction":"RAMP"},"geometry":{"type":"Point","coordinates":[-89.86929572,35.10303044]}},{"type":"Feature","id":"79000154R","properties":{"siteId":"79000154R","name":"40 - 79000154R - I0240 (I-240)","county":"Shelby","road":"I0240","alias":"I-240","category":"RP","direction":"RAMP"},"geometry":{"type":"Point","coordinates":[-89.8696279,35.10073129]}},{"type":"Feature","id":"79000155R","properties":{"siteId":"79000155R","name":"41 - 79000155R - I0240 (I-240)","county":"Shelby","road":"I0240","alias":"I-240","category":"RP","direction":"RAMP"},"geometry":{"type":"Point","coordinates":[-89.86993024,35.09906057]}},{"type":"Feature","id":"79000161R","properties":{"siteId":"79000161R","name":"42 - 79000161R - I0240 (I-240)","county":"Shelby","road":"I0240","alias":"I-240","category":"RP","direction":"RAMP"},"geometry":{"type":"Point","coordinates":[-89.8894713,35.0843945]}},{"type":"Feature","id":"79000167","properties":{"siteId":"79000167","name":"43 - 79000167 - SR003 (ELVIS PRESLEY BLVD.)","county":"Shelby","road":"SR003","alias":"ELVIS PRESLEY BLVD.","category":"CC","direction":"N/S"},"geometry":{"type":"Point","coordinates":[-90.0181535,35.0930931]}},{"type":"Feature","id":"79000176","properties":{"siteId":"79000176","name":"44 - 79000176 - SR057 (TREZEVANT ST.)","county":"Shelby","road":"SR057","alias":"TREZEVANT ST.","category":"CC","direction":"N/S"},"geometry":{"type":"Point","coordinates":[-89.98069471,35.15469803]}},{"type":"Feature","id":"79000186","properties":{"siteId":"79000186","name":"45 - 79000186 - 02872 (E. RAINES RD.)","county":"Shelby","road":"02872","alias":"E. RAINES RD.","category":"CC","direction":"E/W"},"geometry":{"type":"Point","coordinates":[-90.015923,35.03556547]}},{"type":"Feature","id":"79000186R","properties":{"siteId":"79000186R","name":"46 - 79000186R - I0240 (I-240)","county":"Shelby","road":"I0240","alias":"I-240","category":"RP","direction":"RAMP"},"geometry":{"type":"Point","coordinates":[-90.00734277,35.07386949]}},{"type":"Feature","id":"79000188R","properties":{"siteId":"79000188R","name":"47 - 79000188R - I0240 (I-240)","county":"Shelby","road":"I0240","alias":"I-240","category":"RP","direction":"RAMP"},"geometry":{"type":"Point","coordinates":[-90.01020849,35.0732784]}},{"type":"Feature","id":"79000211R","properties":{"siteId":"79000211R","name":"48 - 79000211R - I0055 (I-55)","county":"Shelby","road":"I0055","alias":"I-55","category":"RP","direction":"RAMP"},"geometry":{"type":"Point","coordinates":[-90.06586605,35.12438224]}},{"type":"Feature","id":"79000213R","properties":{"siteId":"79000213R","name":"49 - 79000213R - I0055 (I-55)","county":"Shelby","road":"I0055","alias":"I-55","category":"RP","direction":"RAMP"},"geometry":{"type":"Point","coordinates":[-90.0667016,35.1250819]}},{"type":"Feature","id":"79000214","properties":{"siteId":"79000214","name":"50 - 79000214 - 00811 (CANADA RD.)","county":"Shelby","road":"00811","alias":"CANADA RD.","category":"CC","direction":"N/S"},"geometry":{"type":"Point","coordinates":[-89.7346219,35.2163415]}},{"type":"Feature","id":"79000214R","properties":{"siteId":"79000214R","name":"51 - 79000214R - I0055 (I-55)","county":"Shelby","road":"I0055","alias":"I-55","category":"RP","direction":"RAMP"},"geometry":{"type":"Point","coordinates":[-90.0665361,35.1259561]}},{"type":"Feature","id":"79000219R","properties":{"siteId":"79000219R","name":"52 - 79000219R - I0055 (I-55)","county":"Shelby","road":"I0055","alias":"I-55","category":"RP","direction":"RAMP"},"geometry":{"type":"Point","coordinates":[-90.07108,35.1245783]}},{"type":"Feature","id":"79000220R","properties":{"siteId":"79000220R","name":"53 - 79000220R - I0055 (I-55)","county":"Shelby","road":"I0055","alias":"I-55","category":"RP","direction":"RAMP"},"geometry":{"type":"Point","coordinates":[-90.0710121,35.12510076]}},{"type":"Feature","id":"79000221","properties":{"siteId":"79000221","name":"54 - 79000221 - 00803 (RALEIGH-MILLINGTON RD.)","county":"Shelby","road":"00803","alias":"RALEIGH-MILLINGTON RD.","category":"CC","direction":"N/S"},"geometry":{"type":"Point","coordinates":[-89.9294649,35.2652066]}},{"type":"Feature","id":"79000221R","properties":{"siteId":"79000221R","name":"55 - 79000221R - I0055 (I-55)","county":"Shelby","road":"I0055","alias":"I-55","category":"RP","direction":"RAMP"},"geometry":{"type":"Point","coordinates":[-90.0717505,35.1252952]}},{"type":"Feature","id":"79000222R","properties":{"siteId":"79000222R","name":"56 - 79000222R - I0055 (I-55)","county":"Shelby","road":"I0055","alias":"I-55","category":"RP","direction":"RAMP"},"geometry":{"type":"Point","coordinates":[-90.0716237,35.1247708]}},{"type":"Feature","id":"79000237R","properties":{"siteId":"79000237R","name":"57 - 79000237R - SR385 (SR385)","county":"Shelby","road":"SR385","alias":"SR385","category":"RP","direction":"RAMP"},"geometry":{"type":"Point","coordinates":[-89.83202114,35.05604003]}},{"type":"Feature","id":"79000238R","properties":{"siteId":"79000238R","name":"58 - 79000238R - SR385 (SR385)","county":"Shelby","road":"SR385","alias":"SR385","category":"RP","direction":"RAMP"},"geometry":{"type":"Point","coordinates":[-89.8267039,35.05285586]}},{"type":"Feature","id":"79000243R","properties":{"siteId":"79000243R","name":"59 - 79000243R - SR385 (SR385)","county":"Shelby","road":"SR385","alias":"SR385","category":"RP","direction":"RAMP"},"geometry":{"type":"Point","coordinates":[-89.80840725,35.04695272]}},{"type":"Feature","id":"79000244R","properties":{"siteId":"79000244R","name":"60 - 79000244R - SR385 (SR385)","county":"Shelby","road":"SR385","alias":"SR385","category":"RP","direction":"RAMP"},"geometry":{"type":"Point","coordinates":[-89.81039966,35.05172233]}},{"type":"Feature","id":"79000266R","properties":{"siteId":"79000266R","name":"61 - 79000266R - I0040 (I-40)","county":"Shelby","road":"I0040","alias":"I-40","category":"RP","direction":"RAMP"},"geometry":{"type":"Point","coordinates":[-89.7385702,35.2229865]}},{"type":"Feature","id":"79000274","properties":{"siteId":"79000274","name":"62 - 79000274 - 04187 (GRAHAM ST.)","county":"Shelby","road":"04187","alias":"GRAHAM ST.","category":"CC","direction":"N/S"},"geometry":{"type":"Point","coordinates":[-89.92824311,35.14230326]}},{"type":"Feature","id":"79000281R","properties":{"siteId":"79000281R","name":"63 - 79000281R - I0040 (I-40)","county":"Shelby","road":"I0040","alias":"I-40","category":"RP","direction":"RAMP"},"geometry":{"type":"Point","coordinates":[-90.05036721,35.153383]}},{"type":"Feature","id":"79000282R","properties":{"siteId":"79000282R","name":"64 - 79000282R - I0040 (I-40)","county":"Shelby","road":"I0040","alias":"I-40","category":"RP","direction":"RAMP"},"geometry":{"type":"Point","coordinates":[-90.05527291,35.15330108]}},{"type":"Feature","id":"79000286R","properties":{"siteId":"79000286R","name":"65 - 79000286R - I0040 (I-40)","county":"Shelby","road":"I0040","alias":"I-40","category":"RP","direction":"RAMP"},"geometry":{"type":"Point","coordinates":[-90.01455153,35.19285112]}},{"type":"Feature","id":"79000322","properties":{"siteId":"79000322","name":"66 - 79000322 - 02842 (NEW HORN LAKE RD.)","county":"Shelby","road":"02842","alias":"NEW HORN LAKE RD.","category":"CC","direction":"N/S"},"geometry":{"type":"Point","coordinates":[-90.0629565,35.0775095]}},{"type":"Feature","id":"79000324R","properties":{"siteId":"79000324R","name":"67 - 79000324R - I0240 (I-240)","county":"Shelby","road":"I0240","alias":"I-240","category":"RP","direction":"RAMP"},"geometry":{"type":"Point","coordinates":[-89.86905483,35.13139951]}},{"type":"Feature","id":"79000325","properties":{"siteId":"79000325","name":"68 - 79000325 - 01468 (MUDVILLE RD.)","county":"Shelby","road":"01468","alias":"MUDVILLE RD.","category":"CC","direction":"2-WAY"},"geometry":{"type":"Point","coordinates":[-89.78416144,35.37788795]}},{"type":"Feature","id":"79000325R","properties":{"siteId":"79000325R","name":"69 - 79000325R - I0240 (I-240)","county":"Shelby","road":"I0240","alias":"I-240","category":"RP","direction":"RAMP"},"geometry":{"type":"Point","coordinates":[-89.86918605,35.13055523]}},{"type":"Feature","id":"79000326R","properties":{"siteId":"79000326R","name":"70 - 79000326R - I0240 (I-240)","county":"Shelby","road":"I0240","alias":"I-240","category":"RP","direction":"RAMP"},"geometry":{"type":"Point","coordinates":[-89.8684023,35.1273859]}},{"type":"Feature","id":"79000327","properties":{"siteId":"79000327","name":"71 - 79000327 - 05131 (WHITTEN RD.)","county":"Shelby","road":"05131","alias":"WHITTEN RD.","category":"CC","direction":"2-WAY"},"geometry":{"type":"Point","coordinates":[-89.83703304,35.1609112]}},{"type":"Feature","id":"79000328","properties":{"siteId":"79000328","name":"72 - 79000328 - 02879 (MULLINS STATION RD.)","county":"Shelby","road":"02879","alias":"MULLINS STATION RD.","category":"CC","direction":"2-WAY"},"geometry":{"type":"Point","coordinates":[-89.84605795,35.15305921]}},{"type":"Feature","id":"79000329","properties":{"siteId":"79000329","name":"73 - 79000329 - 02879 (RALEIGH-LAGRANGE RD.)","county":"Shelby","road":"02879","alias":"RALEIGH-LAGRANGE RD.","category":"CC","direction":"N/S"},"geometry":{"type":"Point","coordinates":[-89.81247644,35.14299346]}},{"type":"Feature","id":"79000333","properties":{"siteId":"79000333","name":"74 - 79000333 - 02815 (JAMES RD.)","county":"Shelby","road":"02815","alias":"JAMES RD.","category":"CC","direction":"E/W"},"geometry":{"type":"Point","coordinates":[-89.99263582,35.19738885]}},{"type":"Feature","id":"79000333R","properties":{"siteId":"79000333R","name":"75 - 79000333R - I0269 (I-269)","county":"Shelby","road":"I0269","alias":"I-269","category":"RP","direction":"RAMP"},"geometry":{"type":"Point","coordinates":[-89.6443378,35.0145836]}},{"type":"Feature","id":"79000334R","properties":{"siteId":"79000334R","name":"76 - 79000334R - I0269 (I-269)","county":"Shelby","road":"I0269","alias":"I-269","category":"RP","direction":"RAMP"},"geometry":{"type":"Point","coordinates":[-89.6447868,35.0111139]}},{"type":"Feature","id":"79000343","properties":{"siteId":"79000343","name":"77 - 79000343 - 02826 (PARK AVE.)","county":"Shelby","road":"02826","alias":"PARK AVE.","category":"CC","direction":"E/W"},"geometry":{"type":"Point","coordinates":[-89.91292188,35.10703638]}},{"type":"Feature","id":"79000354","properties":{"siteId":"79000354","name":"78 - 79000354 - 02872 (RAINES RD.)","county":"Shelby","road":"02872","alias":"RAINES RD.","category":"CC","direction":"E/W"},"geometry":{"type":"Point","coordinates":[-90.0779623,35.0352667]}},{"type":"Feature","id":"79000354R","properties":{"siteId":"79000354R","name":"79 - 79000354R - SR385 (SR385)","county":"Shelby","road":"SR385","alias":"SR385","category":"RP","direction":"RAMP"},"geometry":{"type":"Point","coordinates":[-89.81900591,35.30867547]}},{"type":"Feature","id":"79000355R","properties":{"siteId":"79000355R","name":"80 - 79000355R - SR385 (SR385)","county":"Shelby","road":"SR385","alias":"SR385","category":"RP","direction":"RAMP"},"geometry":{"type":"Point","coordinates":[-89.82499959,35.30869151]}},{"type":"Feature","id":"79000356","properties":{"siteId":"79000356","name":"81 - 79000356 - 02863 (MILL BRANCH RD.)","county":"Shelby","road":"02863","alias":"MILL BRANCH RD.","category":"CC","direction":"N/S"},"geometry":{"type":"Point","coordinates":[-90.0075425,35.0239766]}},{"type":"Feature","id":"79000358","properties":{"siteId":"79000358","name":"82 - 79000358 - 02836 (TULANE RD.)","county":"Shelby","road":"02836","alias":"TULANE RD.","category":"CC","direction":"N/S"},"geometry":{"type":"Point","coordinates":[-90.0430596,35.0139184]}},{"type":"Feature","id":"79000358R","properties":{"siteId":"79000358R","name":"83 - 79000358R - SR300","county":"Shelby","road":"SR300","alias":"FIRST_COUNT_COLLECTED:","category":"RP","direction":"RAMP"},"geometry":{"type":"Point","coordinates":[-90.03156491,35.19886743]}},{"type":"Feature","id":"79000359R","properties":{"siteId":"79000359R","name":"84 - 79000359R - SR300","county":"Shelby","road":"SR300","alias":"FIRST_COUNT_COLLECTED:","category":"RP","direction":"RAMP"},"geometry":{"type":"Point","coordinates":[-90.03291067,35.20022149]}},{"type":"Feature","id":"79000360R","properties":{"siteId":"79000360R","name":"85 - 79000360R - SR300","county":"Shelby","road":"SR300","alias":"FIRST_COUNT_COLLECTED:","category":"RP","direction":"RAMP"},"geometry":{"type":"Point","coordinates":[-90.0347564,35.2006531]}},{"type":"Feature","id":"79000361R","properties":{"siteId":"79000361R","name":"86 - 79000361R - SR385","county":"Shelby","road":"SR385","alias":"FIRST_COUNT_COLLECTED:","category":"RP","direction":"RAMP"},"geometry":{"type":"Point","coordinates":[-89.87031334,35.31796637]}},{"type":"Feature","id":"79000362","properties":{"siteId":"79000362","name":"87 - 79000362 - 02822 (YALE RD.)","county":"Shelby","road":"02822","alias":"YALE RD.","category":"CC","direction":"E/W"},"geometry":{"type":"Point","coordinates":[-89.9209206,35.2205123]}},{"type":"Feature","id":"79000362R","properties":{"siteId":"79000362R","name":"88 - 79000362R - SR385","county":"Shelby","road":"SR385","alias":"FIRST_COUNT_COLLECTED:","category":"RP","direction":"RAMP"},"geometry":{"type":"Point","coordinates":[-89.87557214,35.32119339]}},{"type":"Feature","id":"79000363R","properties":{"siteId":"79000363R","name":"89 - 79000363R - SR385","county":"Shelby","road":"SR385","alias":"FIRST_COUNT_COLLECTED:","category":"RP","direction":"RAMP"},"geometry":{"type":"Point","coordinates":[-89.87618478,35.31974042]}},{"type":"Feature","id":"79000364R","properties":{"siteId":"79000364R","name":"90 - 79000364R - SR385","county":"Shelby","road":"SR385","alias":"FIRST_COUNT_COLLECTED:","category":"RP","direction":"RAMP"},"geometry":{"type":"Point","coordinates":[-89.87161885,35.31719053]}},{"type":"Feature","id":"79000365R","properties":{"siteId":"79000365R","name":"91 - 79000365R - SR385","county":"Shelby","road":"SR385","alias":"FIRST_COUNT_COLLECTED:","category":"RP","direction":"RAMP"},"geometry":{"type":"Point","coordinates":[-89.89583277,35.33072263]}},{"type":"Feature","id":"79000366","properties":{"siteId":"79000366","name":"92 - 79000366 - 02817 (SHADYAC AVE.)","county":"Shelby","road":"02817","alias":"SHADYAC AVE.","category":"CC","direction":"2-WAY"},"geometry":{"type":"Point","coordinates":[-90.04871275,35.15619851]}},{"type":"Feature","id":"79000366R","properties":{"siteId":"79000366R","name":"93 - 79000366R - SR385","county":"Shelby","road":"SR385","alias":"FIRST_COUNT_COLLECTED:","category":"RP","direction":"RAMP"},"geometry":{"type":"Point","coordinates":[-89.90096613,35.33114869]}},{"type":"Feature","id":"79000367R","properties":{"siteId":"79000367R","name":"94 - 79000367R - SR385","county":"Shelby","road":"SR385","alias":"FIRST_COUNT_COLLECTED:","category":"RP","direction":"RAMP"},"geometry":{"type":"Point","coordinates":[-89.90156871,35.32999658]}},{"type":"Feature","id":"79000368R","properties":{"siteId":"79000368R","name":"95 - 79000368R - SR385","county":"Shelby","road":"SR385","alias":"FIRST_COUNT_COLLECTED:","category":"RP","direction":"RAMP"},"geometry":{"type":"Point","coordinates":[-89.89704486,35.32988917]}},{"type":"Feature","id":"79000369","properties":{"siteId":"79000369","name":"96 - 79000369 - 02820 (N. MCLEAN BLVD.)","county":"Shelby","road":"02820","alias":"N. MCLEAN BLVD.","category":"CC","direction":"N/S"},"geometry":{"type":"Point","coordinates":[-89.9994814,35.1393104]}},{"type":"Feature","id":"79000369R","properties":{"siteId":"79000369R","name":"97 - 79000369R - SR385","county":"Shelby","road":"SR385","alias":"FIRST_COUNT_COLLECTED:","category":"RP","direction":"RAMP"},"geometry":{"type":"Point","coordinates":[-89.91765286,35.33123453]}},{"type":"Feature","id":"79000370R","properties":{"siteId":"79000370R","name":"98 - 79000370R - SR385","county":"Shelby","road":"SR385","alias":"FIRST_COUNT_COLLECTED:","category":"RP","direction":"RAMP"},"geometry":{"type":"Point","coordinates":[-89.91888667,35.33052167]}},{"type":"Feature","id":"79000371R","properties":{"siteId":"79000371R","name":"99 - 79000371R - SR004","county":"Shelby","road":"SR004","alias":"FIRST_COUNT_COLLECTED:","category":"RP","direction":"RAMP"},"geometry":{"type":"Point","coordinates":[-89.91434382,35.03719068]}},{"type":"Feature","id":"79000372R","properties":{"siteId":"79000372R","name":"100 - 79000372R - SR004","county":"Shelby","road":"SR004","alias":"FIRST_COUNT_COLLECTED:","category":"RP","direction":"RAMP"},"geometry":{"type":"Point","coordinates":[-89.9157362,35.0376513]}},{"type":"Feature","id":"79000373R","properties":{"siteId":"79000373R","name":"101 - 79000373R - SR004","county":"Shelby","road":"SR004","alias":"FIRST_COUNT_COLLECTED:","category":"RP","direction":"RAMP"},"geometry":{"type":"Point","coordinates":[-89.91770591,35.04087109]}},{"type":"Feature","id":"79000374R","properties":{"siteId":"79000374R","name":"102 - 79000374R - SR004","county":"Shelby","road":"SR004","alias":"FIRST_COUNT_COLLECTED:","category":"RP","direction":"RAMP"},"geometry":{"type":"Point","coordinates":[-89.91903134,35.0396284]}},{"type":"Feature","id":"79000375R","properties":{"siteId":"79000375R","name":"103 - 79000375R - SR004","county":"Shelby","road":"SR004","alias":"FIRST_COUNT_COLLECTED:","category":"RP","direction":"RAMP"},"geometry":{"type":"Point","coordinates":[-89.9180565,35.037413]}},{"type":"Feature","id":"79000376R","properties":{"siteId":"79000376R","name":"104 - 79000376R - SR004","county":"Shelby","road":"SR004","alias":"FIRST_COUNT_COLLECTED:","category":"RP","direction":"RAMP"},"geometry":{"type":"Point","coordinates":[-89.91579372,35.03633593]}},{"type":"Feature","id":"79000377R","properties":{"siteId":"79000377R","name":"105 - 79000377R - SR004","county":"Shelby","road":"SR004","alias":"FIRST_COUNT_COLLECTED:","category":"RP","direction":"RAMP"},"geometry":{"type":"Point","coordinates":[-89.93301396,35.0565135]}},{"type":"Feature","id":"79000378R","properties":{"siteId":"79000378R","name":"106 - 79000378R - SR004","county":"Shelby","road":"SR004","alias":"FIRST_COUNT_COLLECTED:","category":"RP","direction":"RAMP"},"geometry":{"type":"Point","coordinates":[-89.9314709,35.058178]}},{"type":"Feature","id":"79000379R","properties":{"siteId":"79000379R","name":"107 - 79000379R - SR004","county":"Shelby","road":"SR004","alias":"FIRST_COUNT_COLLECTED:","category":"RP","direction":"RAMP"},"geometry":{"type":"Point","coordinates":[-89.9315519,35.0580373]}},{"type":"Feature","id":"79000380R","properties":{"siteId":"79000380R","name":"108 - 79000380R - SR004","county":"Shelby","road":"SR004","alias":"FIRST_COUNT_COLLECTED:","category":"RP","direction":"RAMP"},"geometry":{"type":"Point","coordinates":[-89.93205066,35.05826566]}},{"type":"Feature","id":"79000381R","properties":{"siteId":"79000381R","name":"109 - 79000381R - SR014","county":"Shelby","road":"SR014","alias":"FIRST_COUNT_COLLECTED:","category":"RP","direction":"RAMP"},"geometry":{"type":"Point","coordinates":[-89.92360294,35.20361795]}},{"type":"Feature","id":"79000382R","properties":{"siteId":"79000382R","name":"110 - 79000382R - SR014","county":"Shelby","road":"SR014","alias":"FIRST_COUNT_COLLECTED:","category":"RP","direction":"RAMP"},"geometry":{"type":"Point","coordinates":[-89.92225677,35.20736277]}},{"type":"Feature","id":"79000383R","properties":{"siteId":"79000383R","name":"111 - 79000383R - SR014","county":"Shelby","road":"SR014","alias":"FIRST_COUNT_COLLECTED:","category":"RP","direction":"RAMP"},"geometry":{"type":"Point","coordinates":[-89.92064259,35.21022628]}},{"type":"Feature","id":"79000384R","properties":{"siteId":"79000384R","name":"112 - 79000384R - SR014","county":"Shelby","road":"SR014","alias":"FIRST_COUNT_COLLECTED:","category":"RP","direction":"RAMP"},"geometry":{"type":"Point","coordinates":[-89.92413149,35.20376566]}},{"type":"Feature","id":"79000385R","properties":{"siteId":"79000385R","name":"113 - 79000385R - SR014","county":"Shelby","road":"SR014","alias":"FIRST_COUNT_COLLECTED:","category":"RP","direction":"RAMP"},"geometry":{"type":"Point","coordinates":[-89.92232321,35.20665798]}},{"type":"Feature","id":"79000386R","properties":{"siteId":"79000386R","name":"114 - 79000386R - SR014","county":"Shelby","road":"SR014","alias":"FIRST_COUNT_COLLECTED:","category":"RP","direction":"RAMP"},"geometry":{"type":"Point","coordinates":[-89.92314476,35.20715234]}},{"type":"Feature","id":"79000387R","properties":{"siteId":"79000387R","name":"115 - 79000387R - SR014","county":"Shelby","road":"SR014","alias":"FIRST_COUNT_COLLECTED:","category":"RP","direction":"RAMP"},"geometry":{"type":"Point","coordinates":[-89.92430871,35.19840835]}},{"type":"Feature","id":"79000388R","properties":{"siteId":"79000388R","name":"116 - 79000388R - SR014","county":"Shelby","road":"SR014","alias":"FIRST_COUNT_COLLECTED:","category":"RP","direction":"RAMP"},"geometry":{"type":"Point","coordinates":[-89.9252081,35.1993071]}},{"type":"Feature","id":"79000389R","properties":{"siteId":"79000389R","name":"117 - 79000389R - SR176","county":"Shelby","road":"SR176","alias":"FIRST_COUNT_COLLECTED:","category":"RP","direction":"RAMP"},"geometry":{"type":"Point","coordinates":[-89.93342822,35.05055219]}},{"type":"Feature","id":"79000390R","properties":{"siteId":"79000390R","name":"118 - 79000390R - SR176","county":"Shelby","road":"SR176","alias":"FIRST_COUNT_COLLECTED:","category":"RP","direction":"RAMP"},"geometry":{"type":"Point","coordinates":[-89.93364981,35.05279939]}},{"type":"Feature","id":"79000391R","properties":{"siteId":"79000391R","name":"119 - 79000391R - SR176","county":"Shelby","road":"SR176","alias":"FIRST_COUNT_COLLECTED:","category":"RP","direction":"RAMP"},"geometry":{"type":"Point","coordinates":[-89.93428995,35.05262304]}},{"type":"Feature","id":"79000392R","properties":{"siteId":"79000392R","name":"120 - 79000392R - SR176","county":"Shelby","road":"SR176","alias":"FIRST_COUNT_COLLECTED:","category":"RP","direction":"RAMP"},"geometry":{"type":"Point","coordinates":[-89.9341849,35.05092163]}},{"type":"Feature","id":"79000393","properties":{"siteId":"79000393","name":"121 - 79000393 - 00803 (RALEIGH-MILLINGTON RD.)","county":"Shelby","road":"00803","alias":"RALEIGH-MILLINGTON RD.","category":"CC","direction":"2-WAY"},"geometry":{"type":"Point","coordinates":[-89.92722024,35.24728589]}},{"type":"Feature","id":"79000393R","properties":{"siteId":"79000393R","name":"122 - 79000393R - SR176","county":"Shelby","road":"SR176","alias":"FIRST_COUNT_COLLECTED:","category":"RP","direction":"RAMP"},"geometry":{"type":"Point","coordinates":[-89.93204855,35.06384412]}},{"type":"Feature","id":"79000394R","properties":{"siteId":"79000394R","name":"123 - 79000394R - SR176","county":"Shelby","road":"SR176","alias":"FIRST_COUNT_COLLECTED:","category":"RP","direction":"RAMP"},"geometry":{"type":"Point","coordinates":[-89.93212756,35.06612014]}},{"type":"Feature","id":"79000395R","properties":{"siteId":"79000395R","name":"124 - 79000395R - SR176","county":"Shelby","road":"SR176","alias":"FIRST_COUNT_COLLECTED:","category":"RP","direction":"RAMP"},"geometry":{"type":"Point","coordinates":[-89.93257178,35.06595364]}},{"type":"Feature","id":"79000396R","properties":{"siteId":"79000396R","name":"125 - 79000396R - SR176","county":"Shelby","road":"SR176","alias":"FIRST_COUNT_COLLECTED:","category":"RP","direction":"RAMP"},"geometry":{"type":"Point","coordinates":[-89.93262616,35.06371824]}},{"type":"Feature","id":"79000397R","properties":{"siteId":"79000397R","name":"126 - 79000397R - SR177","county":"Shelby","road":"SR177","alias":"FIRST_COUNT_COLLECTED:","category":"RP","direction":"RAMP"},"geometry":{"type":"Point","coordinates":[-89.79558813,35.13137602]}},{"type":"Feature","id":"79000398R","properties":{"siteId":"79000398R","name":"127 - 79000398R - SR177","county":"Shelby","road":"SR177","alias":"FIRST_COUNT_COLLECTED:","category":"RP","direction":"RAMP"},"geometry":{"type":"Point","coordinates":[-89.79545081,35.13192479]}},{"type":"Feature","id":"79000399R","properties":{"siteId":"79000399R","name":"128 - 79000399R - SR177","county":"Shelby","road":"SR177","alias":"FIRST_COUNT_COLLECTED:","category":"RP","direction":"RAMP"},"geometry":{"type":"Point","coordinates":[-89.79980644,35.13268732]}},{"type":"Feature","id":"79000400R","properties":{"siteId":"79000400R","name":"129 - 79000400R - SR177","county":"Shelby","road":"SR177","alias":"FIRST_COUNT_COLLECTED:","category":"RP","direction":"RAMP"},"geometry":{"type":"Point","coordinates":[-89.79934554,35.1320578]}},{"type":"Feature","id":"79000401","properties":{"siteId":"79000401","name":"130 - 79000401 - 01465 (BETHUEL RD.)","county":"Shelby","road":"01465","alias":"BETHUEL RD.","category":"CC","direction":"2-WAY"},"geometry":{"type":"Point","coordinates":[-89.84971251,35.34102875]}},{"type":"Feature","id":"79000417","properties":{"siteId":"79000417","name":"131 - 79000417 - 05426 (E. SHELTON RD.)","county":"Shelby","road":"05426","alias":"E. SHELTON RD.","category":"CC","direction":"2-WAY"},"geometry":{"type":"Point","coordinates":[-89.66044183,35.07447757]}},{"type":"Feature","id":"79000419","properties":{"siteId":"79000419","name":"132 - 79000419 - 0L005 (MORNING SUN RD.)","county":"Shelby","road":"0L005","alias":"MORNING SUN RD.","category":"CC","direction":"2-WAY"},"geometry":{"type":"Point","coordinates":[-89.74103212,35.20004534]}},{"type":"Feature","id":"79000425","properties":{"siteId":"79000425","name":"133 - 79000425 - 02863 (MILL BRANCH RD.)","county":"Shelby","road":"02863","alias":"MILL BRANCH RD.","category":"CC","direction":"N/S"},"geometry":{"type":"Point","coordinates":[-90.00699116,35.06385127]}},{"type":"Feature","id":"79000426","properties":{"siteId":"79000426","name":"134 - 79000426 - 00813 (QUITO RD.)","county":"Shelby","road":"00813","alias":"QUITO RD.","category":"CC","direction":"2-WAY"},"geometry":{"type":"Point","coordinates":[-89.9272407,35.391374]}},{"type":"Feature","id":"79000428","properties":{"siteId":"79000428","name":"135 - 79000428 - 01467 (CENTER COLLEGE RD.)","county":"Shelby","road":"01467","alias":"CENTER COLLEGE RD.","category":"CC","direction":"2-WAY"},"geometry":{"type":"Point","coordinates":[-89.8329124,35.3622535]}},{"type":"Feature","id":"79000431","properties":{"siteId":"79000431","name":"136 - 79000431 - 01459 (OLD BRUNSWICK RD.)","county":"Shelby","road":"01459","alias":"OLD BRUNSWICK RD.","category":"CC","direction":"2-WAY"},"geometry":{"type":"Point","coordinates":[-89.7597185,35.33012577]}},{"type":"Feature","id":"79000435","properties":{"siteId":"79000435","name":"137 - 79000435 - 02875 (EGYPT-CENTRAL RD.)","county":"Shelby","road":"02875","alias":"EGYPT-CENTRAL RD.","category":"CC","direction":"E/W"},"geometry":{"type":"Point","coordinates":[-89.836019,35.2411478]}},{"type":"Feature","id":"79000442","properties":{"siteId":"79000442","name":"138 - 79000442 - SR057 (POPLAR ST.)","county":"Shelby","road":"SR057","alias":"POPLAR ST.","category":"CC","direction":"E/W"},"geometry":{"type":"Point","coordinates":[-89.6789636,35.0458632]}},{"type":"Feature","id":"79000447","properties":{"siteId":"79000447","name":"139 - 79000447 - 05112 (ST. ELMO AVE.)","county":"Shelby","road":"05112","alias":"ST. ELMO AVE.","category":"CC","direction":"E/W"},"geometry":{"type":"Point","coordinates":[-89.9301798,35.23432783]}},{"type":"Feature","id":"79000452","properties":{"siteId":"79000452","name":"140 - 79000452 - 02878 (COLEMAN RD.)","county":"Shelby","road":"02878","alias":"COLEMAN RD.","category":"CC","direction":"N/S"},"geometry":{"type":"Point","coordinates":[-89.9146507,35.2091761]}},{"type":"Feature","id":"79000460","properties":{"siteId":"79000460","name":"141 - 79000460 - 05250 (SCOTT ST.)","county":"Shelby","road":"05250","alias":"SCOTT ST.","category":"CC","direction":"E/W"},"geometry":{"type":"Point","coordinates":[-89.9671621,35.1470885]}},{"type":"Feature","id":"79000462","properties":{"siteId":"79000462","name":"142 - 79000462 - 02866 (TILLMAN ST.)","county":"Shelby","road":"02866","alias":"TILLMAN ST.","category":"CC","direction":"2-WAY"},"geometry":{"type":"Point","coordinates":[-89.96168986,35.138119]}},{"type":"Feature","id":"79000467","properties":{"siteId":"79000467","name":"143 - 79000467 - SR003 (N. SECOND ST.)","county":"Shelby","road":"SR003","alias":"N. SECOND ST.","category":"CC","direction":"N/S"},"geometry":{"type":"Point","coordinates":[-90.04775642,35.15443482]}},{"type":"Feature","id":"79000468","properties":{"siteId":"79000468","name":"144 - 79000468 - SR001 (NORTH PKWY.)","county":"Shelby","road":"SR001","alias":"NORTH PKWY.","category":"CC","direction":"E/W"},"geometry":{"type":"Point","coordinates":[-90.03435519,35.15549366]}},{"type":"Feature","id":"79000469","properties":{"siteId":"79000469","name":"145 - 79000469 - 02849 (N. MANASSAS ST.)","county":"Shelby","road":"02849","alias":"N. MANASSAS ST.","category":"CC","direction":"2-WAY"},"geometry":{"type":"Point","coordinates":[-90.03398174,35.15201606]}},{"type":"Feature","id":"79000471","properties":{"siteId":"79000471","name":"146 - 79000471 - SR014 (JACKSON AVE.)","county":"Shelby","road":"SR014","alias":"JACKSON AVE.","category":"CC","direction":"E/W"},"geometry":{"type":"Point","coordinates":[-90.0106485,35.1582662]}},{"type":"Feature","id":"79000472","properties":{"siteId":"79000472","name":"147 - 79000472 - 02806 (N. WATKINS ST.)","county":"Shelby","road":"02806","alias":"N. WATKINS ST.","category":"CC","direction":"N/S"},"geometry":{"type":"Point","coordinates":[-90.0123619,35.1545551]}},{"type":"Feature","id":"79000475","properties":{"siteId":"79000475","name":"148 - 79000475 - 02859 (N. DUNLAP ST.)","county":"Shelby","road":"02859","alias":"N. DUNLAP ST.","category":"CC","direction":"N/S"},"geometry":{"type":"Point","coordinates":[-90.0329588,35.1441555]}},{"type":"Feature","id":"79000481","properties":{"siteId":"79000481","name":"149 - 79000481 - 0L003 (MONROE AVE.)","county":"Shelby","road":"0L003","alias":"MONROE AVE.","category":"CC","direction":"E/W"},"geometry":{"type":"Point","coordinates":[-90.0529752,35.1441406]}},{"type":"Feature","id":"79000492","properties":{"siteId":"79000492","name":"150 - 79000492 - 04193 (PAULINE ST.)","county":"Shelby","road":"04193","alias":"PAULINE ST.","category":"CC","direction":"N/S"},"geometry":{"type":"Point","coordinates":[-90.0283734,35.1322205]}},{"type":"Feature","id":"79000495","properties":{"siteId":"79000495","name":"151 - 79000495 - SR001 (DANNY THOMAS BLVD.)","county":"Shelby","road":"SR001","alias":"DANNY THOMAS BLVD.","category":"CC","direction":"N/S"},"geometry":{"type":"Point","coordinates":[-90.045881,35.1383951]}},{"type":"Feature","id":"79000501","properties":{"siteId":"79000501","name":"152 - 79000501 - SR014 (S. SECOND ST.)","county":"Shelby","road":"SR014","alias":"S. SECOND ST.","category":"CC","direction":"2-WAY"},"geometry":{"type":"Point","coordinates":[-90.05635673,35.13472204]}},{"type":"Feature","id":"79000509","properties":{"siteId":"79000509","name":"153 - 79000509 - 02841 (HARBOR AVE.)","county":"Shelby","road":"02841","alias":"HARBOR AVE.","category":"CC","direction":"N/S"},"geometry":{"type":"Point","coordinates":[-90.1140087,35.0935854]}},{"type":"Feature","id":"79000511","properties":{"siteId":"79000511","name":"154 - 79000511 - SR014 (S. THIRD ST.)","county":"Shelby","road":"SR014","alias":"S. THIRD ST.","category":"CC","direction":"N/S"},"geometry":{"type":"Point","coordinates":[-90.0552478,35.1140012]}},{"type":"Feature","id":"79000512","properties":{"siteId":"79000512","name":"155 - 79000512 - SR014 (S. THIRD ST.)","county":"Shelby","road":"SR014","alias":"S. THIRD ST.","category":"CC","direction":"N/S"},"geometry":{"type":"Point","coordinates":[-90.0556607,35.0987566]}},{"type":"Feature","id":"79000514","properties":{"siteId":"79000514","name":"156 - 79000514 - 02835 (LAKEVIEW RD.)","county":"Shelby","road":"02835","alias":"LAKEVIEW RD.","category":"CC","direction":"N/S"},"geometry":{"type":"Point","coordinates":[-90.03574024,35.05855252]}},{"type":"Feature","id":"79000515","properties":{"siteId":"79000515","name":"157 - 79000515 - SR003 (ELVIS PRESLEY BLVD.)","county":"Shelby","road":"SR003","alias":"ELVIS PRESLEY BLVD.","category":"CC","direction":"N/S"},"geometry":{"type":"Point","coordinates":[-90.0241393,35.0592717]}},{"type":"Feature","id":"79000516","properties":{"siteId":"79000516","name":"158 - 79000516 - SR004 (LAMAR AVE.)","county":"Shelby","road":"SR004","alias":"LAMAR AVE.","category":"CC","direction":"E/W"},"geometry":{"type":"Point","coordinates":[-89.99090779,35.11000186]}},{"type":"Feature","id":"79000522","properties":{"siteId":"79000522","name":"159 - 79000522 - 02869 (RAINES RD.)","county":"Shelby","road":"02869","alias":"RAINES RD.","category":"CC","direction":"E/W"},"geometry":{"type":"Point","coordinates":[-89.9270752,35.037001]}},{"type":"Feature","id":"79000524","properties":{"siteId":"79000524","name":"160 - 79000524 - SR175 (SHELBY DR.)","county":"Shelby","road":"SR175","alias":"SHELBY DR.","category":"CC","direction":"E/W"},"geometry":{"type":"Point","coordinates":[-89.9605772,35.0208297]}},{"type":"Feature","id":"79000528","properties":{"siteId":"79000528","name":"161 - 79000528 - 01450 (HOLMES RD.)","county":"Shelby","road":"01450","alias":"HOLMES RD.","category":"CC","direction":"E/W"},"geometry":{"type":"Point","coordinates":[-90.0146194,35.0064227]}},{"type":"Feature","id":"79000530","properties":{"siteId":"79000530","name":"162 - 79000530 - SR003 (ELVIS PRESLEY BLVD.)","county":"Shelby","road":"SR003","alias":"ELVIS PRESLEY BLVD.","category":"CC","direction":"N/S"},"geometry":{"type":"Point","coordinates":[-90.02519487,35.027491]}},{"type":"Feature","id":"79000535","properties":{"siteId":"79000535","name":"163 - 79000535 - 04196 (WEAVER RD.)","county":"Shelby","road":"04196","alias":"WEAVER RD.","category":"CC","direction":"2-WAY"},"geometry":{"type":"Point","coordinates":[-90.0980384,35.0276635]}},{"type":"Feature","id":"79000544","properties":{"siteId":"79000544","name":"164 - 79000544 - 04438 (EASLEY ST.)","county":"Shelby","road":"04438","alias":"EASLEY ST.","category":"CC","direction":"2-WAY"},"geometry":{"type":"Point","coordinates":[-89.89310467,35.34288822]}},{"type":"Feature","id":"79000548","properties":{"siteId":"79000548","name":"165 - 79000548 - 0C229 (NEWPORT ST.)","county":"Shelby","road":"0C229","alias":"NEWPORT ST.","category":"CC","direction":"2-WAY"},"geometry":{"type":"Point","coordinates":[-89.90633852,35.33959877]}},{"type":"Feature","id":"79000551","properties":{"siteId":"79000551","name":"166 - 79000551 - SR205 (NAVY RD.)","county":"Shelby","road":"SR205","alias":"NAVY RD.","category":"CC","direction":"E/W"},"geometry":{"type":"Point","coordinates":[-89.8511557,35.3381533]}},{"type":"Feature","id":"79000558","properties":{"siteId":"79000558","name":"167 - 79000558 - 02231 (GERMANTOWN RD.)","county":"Shelby","road":"02231","alias":"GERMANTOWN RD.","category":"CC","direction":"2-WAY"},"geometry":{"type":"Point","coordinates":[-89.79335201,35.24946718]}},{"type":"Feature","id":"79000560","properties":{"siteId":"79000560","name":"168 - 79000560 - 02278 (DAVIES PLANTATION RD.)","county":"Shelby","road":"02278","alias":"DAVIES PLANTATION RD.","category":"CC","direction":"2-WAY"},"geometry":{"type":"Point","coordinates":[-89.74467474,35.20967855]}},{"type":"Feature","id":"79000573","properties":{"siteId":"79000573","name":"169 - 79000573 - 05012 (KNIGHT ARNOLD RD.)","county":"Shelby","road":"05012","alias":"KNIGHT ARNOLD RD.","category":"CC","direction":"E/W"},"geometry":{"type":"Point","coordinates":[-89.8995997,35.06222473]}},{"type":"Feature","id":"79000575","properties":{"siteId":"79000575","name":"170 - 79000575 - 05025 (RIDGEWAY RD.)","county":"Shelby","road":"05025","alias":"RIDGEWAY RD.","category":"CC","direction":"N/S"},"geometry":{"type":"Point","coordinates":[-89.8573072,35.0554667]}},{"type":"Feature","id":"79000578","properties":{"siteId":"79000578","name":"171 - 79000578 - 05056 (PILOT DR.)","county":"Shelby","road":"05056","alias":"PILOT DR.","category":"CC","direction":"2-WAY"},"geometry":{"type":"Point","coordinates":[-89.9237835,35.0309745]}},{"type":"Feature","id":"79000587","properties":{"siteId":"79000587","name":"172 - 79000587 - 05252 (NATIONAL ST.)","county":"Shelby","road":"05252","alias":"NATIONAL ST.","category":"CC","direction":"N/S"},"geometry":{"type":"Point","coordinates":[-89.9478012,35.1525165]}},{"type":"Feature","id":"79000588","properties":{"siteId":"79000588","name":"173 - 79000588 - 05200 (HOLMES ST.)","county":"Shelby","road":"05200","alias":"HOLMES ST.","category":"CC","direction":"N/S"},"geometry":{"type":"Point","coordinates":[-89.951587,35.1438621]}},{"type":"Feature","id":"79000594","properties":{"siteId":"79000594","name":"174 - 79000594 - 05182 (PERSON AVE.)","county":"Shelby","road":"05182","alias":"PERSON AVE.","category":"CC","direction":"2-WAY"},"geometry":{"type":"Point","coordinates":[-90.0041778,35.1001508]}},{"type":"Feature","id":"79000598","properties":{"siteId":"79000598","name":"175 - 79000598 - 05224 (BELVEDERE BLVD.)","county":"Shelby","road":"05224","alias":"BELVEDERE BLVD.","category":"CC","direction":"N/S"},"geometry":{"type":"Point","coordinates":[-90.0053375,35.133377]}},{"type":"Feature","id":"79000599","properties":{"siteId":"79000599","name":"176 - 79000599 - 0E274 (WILLETT ST.)","county":"Shelby","road":"0E274","alias":"WILLETT ST.","category":"CC","direction":"2-WAY"},"geometry":{"type":"Point","coordinates":[-90.0102717,35.1289899]}},{"type":"Feature","id":"79000601","properties":{"siteId":"79000601","name":"177 - 79000601 - 05235 (MISSISSIPPI BLVD.)","county":"Shelby","road":"05235","alias":"MISSISSIPPI BLVD.","category":"CC","direction":"N/S"},"geometry":{"type":"Point","coordinates":[-90.0395919,35.1209495]}},{"type":"Feature","id":"79000608","properties":{"siteId":"79000608","name":"178 - 79000608 - 04385 (RIVERDALE RD.)","county":"Shelby","road":"04385","alias":"RIVERDALE RD.","category":"CC","direction":"N/S"},"geometry":{"type":"Point","coordinates":[-89.8296354,35.0516813]}},{"type":"Feature","id":"79000626","properties":{"siteId":"79000626","name":"179 - 79000626 - 0K613 (N. ROWLETT ST.)","county":"Shelby","road":"0K613","alias":"N. ROWLETT ST.","category":"CC","direction":"2-WAY"},"geometry":{"type":"Point","coordinates":[-89.6776092,35.0432519]}},{"type":"Feature","id":"79000627","properties":{"siteId":"79000627","name":"180 - 79000627 - 0K614 (S. CENTER ST.)","county":"Shelby","road":"0K614","alias":"S. CENTER ST.","category":"CC","direction":"2-WAY"},"geometry":{"type":"Point","coordinates":[-89.66566666,35.03612458]}},{"type":"Feature","id":"79000631","properties":{"siteId":"79000631","name":"181 - 79000631 - 05023 (MISTY MEADOWS LN.)","county":"Shelby","road":"05023","alias":"MISTY MEADOWS LN.","category":"CC","direction":"2-WAY"},"geometry":{"type":"Point","coordinates":[-89.79079038,35.04397415]}},{"type":"Feature","id":"79000637","properties":{"siteId":"79000637","name":"182 - 79000637 - 05004 (E. WHITE RD.)","county":"Shelby","road":"05004","alias":"E. WHITE RD.","category":"CC","direction":"2-WAY"},"geometry":{"type":"Point","coordinates":[-89.663946,35.05393949]}},{"type":"Feature","id":"79000640","properties":{"siteId":"79000640","name":"183 - 79000640 - 05149 (RALEIGH-LAGRANGE RD.)","county":"Shelby","road":"05149","alias":"RALEIGH-LAGRANGE RD.","category":"CC","direction":"2-WAY"},"geometry":{"type":"Point","coordinates":[-89.7884861,35.132608]}},{"type":"Feature","id":"79000641","properties":{"siteId":"79000641","name":"184 - 79000641 - 05150 (WALNUT BEND RD.)","county":"Shelby","road":"05150","alias":"WALNUT BEND RD.","category":"CC","direction":"N/S"},"geometry":{"type":"Point","coordinates":[-89.7846032,35.1367245]}},{"type":"Feature","id":"79000645","properties":{"siteId":"79000645","name":"185 - 79000645 - 01458 (MACON RD.)","county":"Shelby","road":"01458","alias":"MACON RD.","category":"CC","direction":"N/S"},"geometry":{"type":"Point","coordinates":[-89.645576,35.15725951]}},{"type":"Feature","id":"79000655","properties":{"siteId":"79000655","name":"186 - 79000655 - SR014 (AUSTIN PEAY HWY.)","county":"Shelby","road":"SR014","alias":"AUSTIN PEAY HWY.","category":"CC","direction":"N/S"},"geometry":{"type":"Point","coordinates":[-89.8073456,35.3237157]}},{"type":"Feature","id":"79000658","properties":{"siteId":"79000658","name":"187 - 79000658 - 05097 (SIGNAL AVE.)","county":"Shelby","road":"05097","alias":"SIGNAL AVE.","category":"CC","direction":"2-WAY"},"geometry":{"type":"Point","coordinates":[-90.00948995,35.20511305]}},{"type":"Feature","id":"79000661","properties":{"siteId":"79000661","name":"188 - 79000661 - 05101 (DELLWOOD AVE.)","county":"Shelby","road":"05101","alias":"DELLWOOD AVE.","category":"CC","direction":"E/W"},"geometry":{"type":"Point","coordinates":[-90.01208995,35.21314646]}},{"type":"Feature","id":"79000662","properties":{"siteId":"79000662","name":"189 - 79000662 - 05102 (CORNING AVE.)","county":"Shelby","road":"05102","alias":"CORNING AVE.","category":"CC","direction":"2-WAY"},"geometry":{"type":"Point","coordinates":[-90.00932795,35.22531297]}},{"type":"Feature","id":"79000668","properties":{"siteId":"79000668","name":"190 - 79000668 - 05262 (MIMOSA AVE.)","county":"Shelby","road":"05262","alias":"MIMOSA AVE.","category":"CC","direction":"2-WAY"},"geometry":{"type":"Point","coordinates":[-89.96529573,35.13943622]}},{"type":"Feature","id":"79000670","properties":{"siteId":"79000670","name":"191 - 79000670 - 05264 (WAYNOKA AVE.)","county":"Shelby","road":"05264","alias":"WAYNOKA AVE.","category":"CC","direction":"2-WAY"},"geometry":{"type":"Point","coordinates":[-89.94896778,35.1375653]}},{"type":"Feature","id":"79000671","properties":{"siteId":"79000671","name":"192 - 79000671 - 05265 (HIGH POINT TER.)","county":"Shelby","road":"05265","alias":"HIGH POINT TER.","category":"CC","direction":"2-WAY"},"geometry":{"type":"Point","coordinates":[-89.93638616,35.1411983]}},{"type":"Feature","id":"79000689","properties":{"siteId":"79000689","name":"193 - 79000689 - 04456 (ELMORE PARK RD.)","county":"Shelby","road":"04456","alias":"ELMORE PARK RD.","category":"CC","direction":"2-WAY"},"geometry":{"type":"Point","coordinates":[-89.8574019,35.2022736]}},{"type":"Feature","id":"79000695","properties":{"siteId":"79000695","name":"194 - 79000695 - 05125 (BILLY MAHER RD.)","county":"Shelby","road":"05125","alias":"BILLY MAHER RD.","category":"CC","direction":"2-WAY"},"geometry":{"type":"Point","coordinates":[-89.86159501,35.25519916]}},{"type":"Feature","id":"79000698","properties":{"siteId":"79000698","name":"195 - 79000698 - 05122 (BLACKWELL RD.)","county":"Shelby","road":"05122","alias":"BLACKWELL RD.","category":"CC","direction":"2-WAY"},"geometry":{"type":"Point","coordinates":[-89.87482981,35.21015433]}},{"type":"Feature","id":"79000706","properties":{"siteId":"79000706","name":"196 - 79000706 - 05144 (ELMORE RD.)","county":"Shelby","road":"05144","alias":"ELMORE RD.","category":"CC","direction":"E/W"},"geometry":{"type":"Point","coordinates":[-89.8915431,35.1852132]}},{"type":"Feature","id":"79000707","properties":{"siteId":"79000707","name":"197 - 79000707 - 05261 (CHELSEA AVE.)","county":"Shelby","road":"05261","alias":"CHELSEA AVE.","category":"CC","direction":"N/S"},"geometry":{"type":"Point","coordinates":[-89.9298516,35.1781995]}},{"type":"Feature","id":"79000709","properties":{"siteId":"79000709","name":"198 - 79000709 - 05255 (BAYLISS RD.)","county":"Shelby","road":"05255","alias":"BAYLISS RD.","category":"CC","direction":"2-WAY"},"geometry":{"type":"Point","coordinates":[-89.92418695,35.16954745]}},{"type":"Feature","id":"79000711","properties":{"siteId":"79000711","name":"199 - 79000711 - 05222 (SPRINGDALE ST.)","county":"Shelby","road":"05222","alias":"SPRINGDALE ST.","category":"CC","direction":"N/S"},"geometry":{"type":"Point","coordinates":[-89.98378031,35.16939043]}},{"type":"Feature","id":"79000713","properties":{"siteId":"79000713","name":"200 - 79000713 - 05248 (MOUNT OLIVE RD.)","county":"Shelby","road":"05248","alias":"MOUNT OLIVE RD.","category":"CC","direction":"2-WAY"},"geometry":{"type":"Point","coordinates":[-89.96148679,35.1752143]}},{"type":"Feature","id":"79000719","properties":{"siteId":"79000719","name":"201 - 79000719 - 05109 (HOMEWOOD RD.)","county":"Shelby","road":"05109","alias":"HOMEWOOD RD.","category":"CC","direction":"2-WAY"},"geometry":{"type":"Point","coordinates":[-89.93294937,35.21008809]}},{"type":"Feature","id":"79000730","properties":{"siteId":"79000730","name":"202 - 79000730 - 05036 (VALLEY PARK DR)","county":"Shelby","road":"05036","alias":"VALLEY PARK DR","category":"CC","direction":"2-WAY"},"geometry":{"type":"Point","coordinates":[-89.8406294,35.0553175]}},{"type":"Feature","id":"79000735","properties":{"siteId":"79000735","name":"203 - 79000735 - 05041 (CLARKE RD.)","county":"Shelby","road":"05041","alias":"CLARKE RD.","category":"CC","direction":"2-WAY"},"geometry":{"type":"Point","coordinates":[-89.8750867,35.0278039]}},{"type":"Feature","id":"79000736","properties":{"siteId":"79000736","name":"204 - 79000736 - 00804 (MENDENHALL RD.)","county":"Shelby","road":"00804","alias":"MENDENHALL RD.","category":"CC","direction":"N/S"},"geometry":{"type":"Point","coordinates":[-89.8839812,35.0303159]}},{"type":"Feature","id":"79000739","properties":{"siteId":"79000739","name":"205 - 79000739 - 05053 (SCOTTSDALE AVE.)","county":"Shelby","road":"05053","alias":"SCOTTSDALE AVE.","category":"CC","direction":"2-WAY"},"geometry":{"type":"Point","coordinates":[-89.89315976,35.05833925]}},{"type":"Feature","id":"79000744","properties":{"siteId":"79000744","name":"206 - 79000744 - 05061 (ARNOLD RD.)","county":"Shelby","road":"05061","alias":"ARNOLD RD.","category":"CC","direction":"2-WAY"},"geometry":{"type":"Point","coordinates":[-89.941976,35.02800247]}},{"type":"Feature","id":"79000749","properties":{"siteId":"79000749","name":"207 - 79000749 - 05058 (HOMEWOOD RD.)","county":"Shelby","road":"05058","alias":"HOMEWOOD RD.","category":"CC","direction":"2-WAY"},"geometry":{"type":"Point","coordinates":[-89.92590285,35.047757]}},{"type":"Feature","id":"79000750","properties":{"siteId":"79000750","name":"208 - 79000750 - SR176 (NEW GETWELL RD.)","county":"Shelby","road":"SR176","alias":"NEW GETWELL RD.","category":"CC","direction":"N/S"},"geometry":{"type":"Point","coordinates":[-89.9337941,35.054476]}},{"type":"Feature","id":"79000751","properties":{"siteId":"79000751","name":"209 - 79000751 - 05012 (KNIGHT ARNOLD RD.)","county":"Shelby","road":"05012","alias":"KNIGHT ARNOLD RD.","category":"CC","direction":"E/W"},"geometry":{"type":"Point","coordinates":[-89.82612856,35.06179044]}},{"type":"Feature","id":"79000755","properties":{"siteId":"79000755","name":"210 - 79000755 - 05165 (RIVERDALE ST.)","county":"Shelby","road":"05165","alias":"RIVERDALE ST.","category":"CC","direction":"2-WAY"},"geometry":{"type":"Point","coordinates":[-89.8256796,35.0879438]}},{"type":"Feature","id":"79000756","properties":{"siteId":"79000756","name":"211 - 79000756 - 05008 (MASSEY RD.)","county":"Shelby","road":"05008","alias":"MASSEY RD.","category":"CC","direction":"2-WAY"},"geometry":{"type":"Point","coordinates":[-89.85207804,35.09325021]}},{"type":"Feature","id":"79000765","properties":{"siteId":"79000765","name":"212 - 79000765 - 05180 (DWIGHT AVE.)","county":"Shelby","road":"05180","alias":"DWIGHT AVE.","category":"CC","direction":"2-WAY"},"geometry":{"type":"Point","coordinates":[-89.980743,35.08471048]}},{"type":"Feature","id":"79000772","properties":{"siteId":"79000772","name":"213 - 79000772 - 05178 (CHERRY RD.)","county":"Shelby","road":"05178","alias":"CHERRY RD.","category":"CC","direction":"N/S"},"geometry":{"type":"Point","coordinates":[-89.91677153,35.08863716]}},{"type":"Feature","id":"79000773","properties":{"siteId":"79000773","name":"214 - 79000773 - 05166 (MALLORY RD.)","county":"Shelby","road":"05166","alias":"MALLORY RD.","category":"CC","direction":"2-WAY"},"geometry":{"type":"Point","coordinates":[-89.91467959,35.08226381]}},{"type":"Feature","id":"79000776","properties":{"siteId":"79000776","name":"215 - 79000776 - 05158 (POPLAR ESTATE PKWY.)","county":"Shelby","road":"05158","alias":"POPLAR ESTATE PKWY.","category":"CC","direction":"2-WAY"},"geometry":{"type":"Point","coordinates":[-89.83129481,35.10016297]}},{"type":"Feature","id":"79000779","properties":{"siteId":"79000779","name":"216 - 79000779 - 05172 (ESTATE DR.)","county":"Shelby","road":"05172","alias":"ESTATE DR.","category":"CC","direction":"N/S"},"geometry":{"type":"Point","coordinates":[-89.88444912,35.10190628]}},{"type":"Feature","id":"79000780","properties":{"siteId":"79000780","name":"217 - 79000780 - 05175 (DEE RD.)","county":"Shelby","road":"05175","alias":"DEE RD.","category":"CC","direction":"2-WAY"},"geometry":{"type":"Point","coordinates":[-89.90191981,35.10048932]}},{"type":"Feature","id":"79000786","properties":{"siteId":"79000786","name":"218 - 79000786 - 05199 (BUNTYN ST.)","county":"Shelby","road":"05199","alias":"BUNTYN ST.","category":"CC","direction":"2-WAY"},"geometry":{"type":"Point","coordinates":[-89.97155805,35.12200818]}},{"type":"Feature","id":"79000790","properties":{"siteId":"79000790","name":"219 - 79000790 - 05196 (GREER ST.)","county":"Shelby","road":"05196","alias":"GREER ST.","category":"CC","direction":"2-WAY"},"geometry":{"type":"Point","coordinates":[-89.95453604,35.12064718]}},{"type":"Feature","id":"79000795","properties":{"siteId":"79000795","name":"220 - 79000795 - 05269 (SHADY GROVE RD.)","county":"Shelby","road":"05269","alias":"SHADY GROVE RD.","category":"CC","direction":"2-WAY"},"geometry":{"type":"Point","coordinates":[-89.9085098,35.12471031]}},{"type":"Feature","id":"79000798","properties":{"siteId":"79000798","name":"221 - 79000798 - 05277 (SANDERLIN AVE.)","county":"Shelby","road":"05277","alias":"SANDERLIN AVE.","category":"CC","direction":"E/W"},"geometry":{"type":"Point","coordinates":[-89.8912211,35.1171954]}},{"type":"Feature","id":"79000806","properties":{"siteId":"79000806","name":"222 - 79000806 - 0K621 (HUDGINS RD.)","county":"Shelby","road":"0K621","alias":"HUDGINS RD.","category":"CC","direction":"2-WAY"},"geometry":{"type":"Point","coordinates":[-90.00054061,35.00220072]}},{"type":"Feature","id":"79000809","properties":{"siteId":"79000809","name":"223 - 79000809 - 05083 (HILLBROOK RD.)","county":"Shelby","road":"05083","alias":"HILLBROOK RD.","category":"CC","direction":"2-WAY"},"geometry":{"type":"Point","coordinates":[-90.0606876,35.014681]}},{"type":"Feature","id":"79000811","properties":{"siteId":"79000811","name":"224 - 79000811 - 02839 (FIELDS RD.)","county":"Shelby","road":"02839","alias":"FIELDS RD.","category":"CC","direction":"2-WAY"},"geometry":{"type":"Point","coordinates":[-90.103402,35.0496221]}},{"type":"Feature","id":"79000813","properties":{"siteId":"79000813","name":"225 - 79000813 - 05086 (FAIRWAY AVE.)","county":"Shelby","road":"05086","alias":"FAIRWAY AVE.","category":"CC","direction":"2-WAY"},"geometry":{"type":"Point","coordinates":[-90.0613644,35.0468923]}},{"type":"Feature","id":"79000817","properties":{"siteId":"79000817","name":"226 - 79000817 - 05074 (FINLEY RD.)","county":"Shelby","road":"05074","alias":"FINLEY RD.","category":"CC","direction":"2-WAY"},"geometry":{"type":"Point","coordinates":[-90.016696,35.02979147]}},{"type":"Feature","id":"79000820","properties":{"siteId":"79000820","name":"227 - 79000820 - 05076 (TIMOTHY DR.)","county":"Shelby","road":"05076","alias":"TIMOTHY DR.","category":"CC","direction":"2-WAY"},"geometry":{"type":"Point","coordinates":[-90.01713805,35.04249152]}},{"type":"Feature","id":"79000823","properties":{"siteId":"79000823","name":"228 - 79000823 - 05070 (FONTAINE RD.)","county":"Shelby","road":"05070","alias":"FONTAINE RD.","category":"CC","direction":"2-WAY"},"geometry":{"type":"Point","coordinates":[-90.0101984,35.0580018]}},{"type":"Feature","id":"79000826","properties":{"siteId":"79000826","name":"229 - 79000826 - 05092 (RIVERPORT RD.)","county":"Shelby","road":"05092","alias":"RIVERPORT RD.","category":"CC","direction":"N/S"},"geometry":{"type":"Point","coordinates":[-90.07391618,35.08556661]}},{"type":"Feature","id":"79000827","properties":{"siteId":"79000827","name":"230 - 79000827 - 05233 (PERSON AVE.)","county":"Shelby","road":"05233","alias":"PERSON AVE.","category":"CC","direction":"2-WAY"},"geometry":{"type":"Point","coordinates":[-90.0690286,35.10189363]}},{"type":"Feature","id":"79000831","properties":{"siteId":"79000831","name":"231 - 79000831 - 05204 (ELLISTON RD.)","county":"Shelby","road":"05204","alias":"ELLISTON RD.","category":"CC","direction":"2-WAY"},"geometry":{"type":"Point","coordinates":[-90.01501395,35.08754843]}},{"type":"Feature","id":"79000832","properties":{"siteId":"79000832","name":"232 - 79000832 - 05205 (PERRY RD.)","county":"Shelby","road":"05205","alias":"PERRY RD.","category":"CC","direction":"N/S"},"geometry":{"type":"Point","coordinates":[-90.0103654,35.0884797]}},{"type":"Feature","id":"79000844","properties":{"siteId":"79000844","name":"233 - 79000844 - 05238 (EAST ST.)","county":"Shelby","road":"05238","alias":"EAST ST.","category":"CC","direction":"2-WAY"},"geometry":{"type":"Point","coordinates":[-90.0310182,35.1343778]}},{"type":"Feature","id":"79000845","properties":{"siteId":"79000845","name":"234 - 79000845 - 05225 (S. BELLEVUE BLVD.)","county":"Shelby","road":"05225","alias":"S. BELLEVUE BLVD.","category":"CC","direction":"2-WAY"},"geometry":{"type":"Point","coordinates":[-90.02096263,35.13863289]}},{"type":"Feature","id":"79000864","properties":{"siteId":"79000864","name":"235 - 79000864 - 05005 (BABE HOWARD BLVD.)","county":"Shelby","road":"05005","alias":"BABE HOWARD BLVD.","category":"CC","direction":"E/W"},"geometry":{"type":"Point","coordinates":[-89.9171959,35.33726854]}},{"type":"Feature","id":"79000866","properties":{"siteId":"79000866","name":"236 - 79000866 - 05016 (CROSS VILLAGE DR.)","county":"Shelby","road":"05016","alias":"CROSS VILLAGE DR.","category":"CC","direction":"2-WAY"},"geometry":{"type":"Point","coordinates":[-89.806626,35.06700749]}},{"type":"Feature","id":"79000873","properties":{"siteId":"79000873","name":"237 - 79000873 - 05020 (RIVERDALE RD.)","county":"Shelby","road":"05020","alias":"RIVERDALE RD.","category":"CC","direction":"2-WAY"},"geometry":{"type":"Point","coordinates":[-89.8224713,35.0990298]}},{"type":"Feature","id":"79000876","properties":{"siteId":"79000876","name":"238 - 79000876 - 04471 (W. FARMINGTON BLVD.)","county":"Shelby","road":"04471","alias":"W. FARMINGTON BLVD.","category":"CC","direction":"N/S"},"geometry":{"type":"Point","coordinates":[-89.8104141,35.0953509]}},{"type":"Feature","id":"79000886","properties":{"siteId":"79000886","name":"239 - 79000886 - SR015 (US-HWY. 64)","county":"Shelby","road":"SR015","alias":"US-HWY. 64","category":"CC","direction":"E/W"},"geometry":{"type":"Point","coordinates":[-89.7834035,35.204357]}},{"type":"Feature","id":"79000887","properties":{"siteId":"79000887","name":"240 - 79000887 - 02875 (DEXTER RD.)","county":"Shelby","road":"02875","alias":"DEXTER RD.","category":"CC","direction":"2-WAY"},"geometry":{"type":"Point","coordinates":[-89.82643188,35.1690529]}},{"type":"Feature","id":"79000889","properties":{"siteId":"79000889","name":"241 - 79000889 - 02830 (HOUSTON LEVEE RD.)","county":"Shelby","road":"02830","alias":"HOUSTON LEVEE RD.","category":"CC","direction":"N/S"},"geometry":{"type":"Point","coordinates":[-89.7326112,35.0483682]}},{"type":"Feature","id":"79000891","properties":{"siteId":"79000891","name":"242 - 79000891 - 05029 (AMERICAN WAY)","county":"Shelby","road":"05029","alias":"AMERICAN WAY","category":"CC","direction":"E/W"},"geometry":{"type":"Point","coordinates":[-89.8923183,35.076491]}},{"type":"Feature","id":"79000894","properties":{"siteId":"79000894","name":"243 - 79000894 - 05274 (MASON RD.)","county":"Shelby","road":"05274","alias":"MASON RD.","category":"CC","direction":"2-WAY"},"geometry":{"type":"Point","coordinates":[-89.8858549,35.14087341]}},{"type":"Feature","id":"79000898","properties":{"siteId":"79000898","name":"244 - 79000898 - SR014 (S. THIRD ST.)","county":"Shelby","road":"SR014","alias":"S. THIRD ST.","category":"CC","direction":"N/S"},"geometry":{"type":"Point","coordinates":[-90.0655578,35.0434883]}},{"type":"Feature","id":"79000906","properties":{"siteId":"79000906","name":"245 - 79000906 - 05345 (WINCHESTER RD.)","county":"Shelby","road":"05345","alias":"WINCHESTER RD.","category":"CC","direction":"E/W"},"geometry":{"type":"Point","coordinates":[-89.7131867,35.0410152]}},{"type":"Feature","id":"79000909","properties":{"siteId":"79000909","name":"246 - 79000909 - 04233 (RIVERSIDE BLVD.)","county":"Shelby","road":"04233","alias":"RIVERSIDE BLVD.","category":"CC","direction":"N/S"},"geometry":{"type":"Point","coordinates":[-90.0539896,35.1484727]}},{"type":"Feature","id":"79000919","properties":{"siteId":"79000919","name":"247 - 79000919 - 05422 (SYKES RD.)","county":"Shelby","road":"05422","alias":"SYKES RD.","category":"CC","direction":"2-WAY"},"geometry":{"type":"Point","coordinates":[-89.9311933,35.3099513]}},{"type":"Feature","id":"79000920","properties":{"siteId":"79000920","name":"248 - 79000920 - 05429 (SEED TICK RD.)","county":"Shelby","road":"05429","alias":"SEED TICK RD.","category":"CC","direction":"2-WAY"},"geometry":{"type":"Point","coordinates":[-89.72430287,35.23329506]}},{"type":"Feature","id":"79000922","properties":{"siteId":"79000922","name":"249 - 79000922 - 0D889 (MEMPHIS ARLINGTON RD.)","county":"Shelby","road":"0D889","alias":"MEMPHIS ARLINGTON RD.","category":"CC","direction":"2-WAY"},"geometry":{"type":"Point","coordinates":[-89.7445671,35.2526151]}},{"type":"Feature","id":"79000923","properties":{"siteId":"79000923","name":"250 - 79000923 - 05445 (BOLEN HUSE RD.)","county":"Shelby","road":"05445","alias":"BOLEN HUSE RD.","category":"CC","direction":"2-WAY"},"geometry":{"type":"Point","coordinates":[-89.92241597,35.2499309]}},{"type":"Feature","id":"79000924","properties":{"siteId":"79000924","name":"251 - 79000924 - 05445 (BOLEN HUSE RD.)","county":"Shelby","road":"05445","alias":"BOLEN HUSE RD.","category":"CC","direction":"2-WAY"},"geometry":{"type":"Point","coordinates":[-89.9026716,35.2615922]}},{"type":"Feature","id":"79000926","properties":{"siteId":"79000926","name":"252 - 79000926 - 05455 (CORDOVA RD.)","county":"Shelby","road":"05455","alias":"CORDOVA RD.","category":"CC","direction":"E/W"},"geometry":{"type":"Point","coordinates":[-89.7928196,35.1578947]}},{"type":"Feature","id":"79000939","properties":{"siteId":"79000939","name":"253 - 79000939 - 02866 (TILLMAN ST.)","county":"Shelby","road":"02866","alias":"TILLMAN ST.","category":"CC","direction":"N/S"},"geometry":{"type":"Point","coordinates":[-89.9629977,35.1342692]}},{"type":"Feature","id":"79000940","properties":{"siteId":"79000940","name":"254 - 79000940 - 02837 (MITCHELL RD.)","county":"Shelby","road":"02837","alias":"MITCHELL RD.","category":"CC","direction":"E/W"},"geometry":{"type":"Point","coordinates":[-90.0648159,35.0554406]}},{"type":"Feature","id":"79000944","properties":{"siteId":"79000944","name":"255 - 79000944 - 02836 (TULANE RD.)","county":"Shelby","road":"02836","alias":"TULANE RD.","category":"CC","direction":"N/S"},"geometry":{"type":"Point","coordinates":[-90.04305988,35.005049]}},{"type":"Feature","id":"79000946","properties":{"siteId":"79000946","name":"256 - 79000946 - 01458 (MACON RD.)","county":"Shelby","road":"01458","alias":"MACON RD.","category":"CC","direction":"2-WAY"},"geometry":{"type":"Point","coordinates":[-89.76781914,35.15784742]}},{"type":"Feature","id":"79000951","properties":{"siteId":"79000951","name":"257 - 79000951 - 04454 (BROADWAY RD.)","county":"Shelby","road":"04454","alias":"BROADWAY RD.","category":"CC","direction":"2-WAY"},"geometry":{"type":"Point","coordinates":[-89.8193999,35.2240113]}},{"type":"Feature","id":"79000952","properties":{"siteId":"79000952","name":"258 - 79000952 - 05021 (NESHOBA RD.)","county":"Shelby","road":"05021","alias":"NESHOBA RD.","category":"CC","direction":"2-WAY"},"geometry":{"type":"Point","coordinates":[-89.84154886,35.10762788]}},{"type":"Feature","id":"79000955","properties":{"siteId":"79000955","name":"259 - 79000955 - SR176 (GETWELL RD.)","county":"Shelby","road":"SR176","alias":"GETWELL RD.","category":"CC","direction":"N/S"},"geometry":{"type":"Point","coordinates":[-89.9369817,35.0262957]}},{"type":"Feature","id":"79000956","properties":{"siteId":"79000956","name":"260 - 79000956 - 02247 (PLEASANT HILL RD.)","county":"Shelby","road":"02247","alias":"PLEASANT HILL RD.","category":"CC","direction":"N/S"},"geometry":{"type":"Point","coordinates":[-89.90163927,35.0144504]}},{"type":"Feature","id":"79000958","properties":{"siteId":"79000958","name":"261 - 79000958 - 04385 (RIVERDALE RD.)","county":"Shelby","road":"04385","alias":"RIVERDALE RD.","category":"CC","direction":"N/S"},"geometry":{"type":"Point","coordinates":[-89.8309466,35.0036361]}},{"type":"Feature","id":"79000959","properties":{"siteId":"79000959","name":"262 - 79000959 - 04385 (RIVERDALE RD.)","county":"Shelby","road":"04385","alias":"RIVERDALE RD.","category":"CC","direction":"N/S"},"geometry":{"type":"Point","coordinates":[-89.8313252,35.027128]}},{"type":"Feature","id":"79000960","properties":{"siteId":"79000960","name":"263 - 79000960 - 04385 (RIVERDALE RD.)","county":"Shelby","road":"04385","alias":"RIVERDALE RD.","category":"CC","direction":"N/S"},"geometry":{"type":"Point","coordinates":[-89.8308623,35.0439346]}},{"type":"Feature","id":"79000963","properties":{"siteId":"79000963","name":"264 - 79000963 - 01455 (FOREST HILL-IRENE RD.)","county":"Shelby","road":"01455","alias":"FOREST HILL-IRENE RD.","category":"CC","direction":"2-WAY"},"geometry":{"type":"Point","coordinates":[-89.7593412,35.0699509]}},{"type":"Feature","id":"79000976","properties":{"siteId":"79000976","name":"265 - 79000976 - 02850 (MADISON AVE.)","county":"Shelby","road":"02850","alias":"MADISON AVE.","category":"CC","direction":"E/W"},"geometry":{"type":"Point","coordinates":[-89.98672441,35.13626484]}},{"type":"Feature","id":"79000977","properties":{"siteId":"79000977","name":"266 - 79000977 - 01450 (HOLMES RD.)","county":"Shelby","road":"01450","alias":"HOLMES RD.","category":"CC","direction":"E/W"},"geometry":{"type":"Point","coordinates":[-89.7290055,35.0061918]}},{"type":"Feature","id":"79000983","properties":{"siteId":"79000983","name":"267 - 79000983 - 05346 (HOUSTON LEVEE RD.)","county":"Shelby","road":"05346","alias":"HOUSTON LEVEE RD.","category":"CC","direction":"N/S"},"geometry":{"type":"Point","coordinates":[-89.7315043,35.0366019]}},{"type":"Feature","id":"79000984","properties":{"siteId":"79000984","name":"268 - 79000984 - 02830 (WINCHESTER RD.)","county":"Shelby","road":"02830","alias":"WINCHESTER RD.","category":"CC","direction":"E/W"},"geometry":{"type":"Point","coordinates":[-89.8353614,35.0493119]}},{"type":"Feature","id":"79000985","properties":{"siteId":"79000985","name":"269 - 79000985 - 02830 (WINCHESTER RD.)","county":"Shelby","road":"02830","alias":"WINCHESTER RD.","category":"CC","direction":"E/W"},"geometry":{"type":"Point","coordinates":[-89.8164474,35.0506004]}},{"type":"Feature","id":"79000986","properties":{"siteId":"79000986","name":"270 - 79000986 - 02830 (WINCHESTER RD.)","county":"Shelby","road":"02830","alias":"WINCHESTER RD.","category":"CC","direction":"E/W"},"geometry":{"type":"Point","coordinates":[-89.7771407,35.0479843]}},{"type":"Feature","id":"79000987","properties":{"siteId":"79000987","name":"271 - 79000987 - 02830 (WINCHESTER RD.)","county":"Shelby","road":"02830","alias":"WINCHESTER RD.","category":"CC","direction":"E/W"},"geometry":{"type":"Point","coordinates":[-89.7531543,35.0474822]}},{"type":"Feature","id":"79001000","properties":{"siteId":"79001000","name":"272 - 79001000 - 05131 (KIRBY-WHITTEN PKWY.)","county":"Shelby","road":"05131","alias":"KIRBY-WHITTEN PKWY.","category":"CC","direction":"N/S"},"geometry":{"type":"Point","coordinates":[-89.8376548,35.2420977]}},{"type":"Feature","id":"79001002","properties":{"siteId":"79001002","name":"273 - 79001002 - 02807 (SOUTH PKWY. E.)","county":"Shelby","road":"02807","alias":"SOUTH PKWY. E.","category":"CC","direction":"E/W"},"geometry":{"type":"Point","coordinates":[-90.0264592,35.1097129]}},{"type":"Feature","id":"79001007","properties":{"siteId":"79001007","name":"274 - 79001007 - 05440 (SHELTON RD.)","county":"Shelby","road":"05440","alias":"SHELTON RD.","category":"CC","direction":"2-WAY"},"geometry":{"type":"Point","coordinates":[-89.7028636,35.0797554]}},{"type":"Feature","id":"79001011","properties":{"siteId":"79001011","name":"275 - 79001011 - 05450 (RIVERPORT RD.)","county":"Shelby","road":"05450","alias":"RIVERPORT RD.","category":"CC","direction":"E/W"},"geometry":{"type":"Point","coordinates":[-90.0889688,35.0728248]}},{"type":"Feature","id":"79001014","properties":{"siteId":"79001014","name":"276 - 79001014 - 05461 (DEXTER RD.)","county":"Shelby","road":"05461","alias":"DEXTER RD.","category":"CC","direction":"E/W"},"geometry":{"type":"Point","coordinates":[-89.7751684,35.1745648]}},{"type":"Feature","id":"79001016","properties":{"siteId":"79001016","name":"277 - 79001016 - 05458 (BENJESTOWN ST.)","county":"Shelby","road":"05458","alias":"BENJESTOWN ST.","category":"CC","direction":"N/S"},"geometry":{"type":"Point","coordinates":[-90.04113035,35.20789896]}},{"type":"Feature","id":"79001017","properties":{"siteId":"79001017","name":"278 - 79001017 - 05423 (RIVERDALE RD.)","county":"Shelby","road":"05423","alias":"RIVERDALE RD.","category":"CC","direction":"N/S"},"geometry":{"type":"Point","coordinates":[-89.8236878,35.114851]}},{"type":"Feature","id":"79001018","properties":{"siteId":"79001018","name":"279 - 79001018 - 00300 (N. SECOND ST.)","county":"Shelby","road":"00300","alias":"N. SECOND ST.","category":"CC","direction":"N/S"},"geometry":{"type":"Point","coordinates":[-90.04442916,35.17742841]}},{"type":"Feature","id":"79001019","properties":{"siteId":"79001019","name":"280 - 79001019 - 05434 (FLEMING RD.)","county":"Shelby","road":"05434","alias":"FLEMING RD.","category":"CC","direction":"N/S"},"geometry":{"type":"Point","coordinates":[-89.7066566,35.00731885]}},{"type":"Feature","id":"79001020","properties":{"siteId":"79001020","name":"281 - 79001020 - 05434 (FLEMING RD.)","county":"Shelby","road":"05434","alias":"FLEMING RD.","category":"CC","direction":"N/S"},"geometry":{"type":"Point","coordinates":[-89.70661897,35.02736318]}},{"type":"Feature","id":"79001023","properties":{"siteId":"79001023","name":"282 - 79001023 - 05443 (FOREST HILL-IRENE RD.)","county":"Shelby","road":"05443","alias":"FOREST HILL-IRENE RD.","category":"CC","direction":"N/S"},"geometry":{"type":"Point","coordinates":[-89.7612181,35.1297668]}},{"type":"Feature","id":"79001027","properties":{"siteId":"79001027","name":"283 - 79001027 - 05438 (CIVIC CENTER DR.)","county":"Shelby","road":"05438","alias":"CIVIC CENTER DR.","category":"CC","direction":"2-WAY"},"geometry":{"type":"Point","coordinates":[-89.70415696,35.05164946]}},{"type":"Feature","id":"79001028","properties":{"siteId":"79001028","name":"284 - 79001028 - 05441 (SHEA RD.)","county":"Shelby","road":"05441","alias":"SHEA RD.","category":"CC","direction":"N/S"},"geometry":{"type":"Point","coordinates":[-89.7120618,35.0495606]}},{"type":"Feature","id":"79001029","properties":{"siteId":"79001029","name":"285 - 79001029 - 05437 (SHELBY DR.)","county":"Shelby","road":"05437","alias":"SHELBY DR.","category":"CC","direction":"2-WAY"},"geometry":{"type":"Point","coordinates":[-89.65477797,35.02079645]}},{"type":"Feature","id":"79001030","properties":{"siteId":"79001030","name":"286 - 79001030 - 05425 (ELLENDALE RD.)","county":"Shelby","road":"05425","alias":"ELLENDALE RD.","category":"CC","direction":"N/S"},"geometry":{"type":"Point","coordinates":[-89.8452126,35.2457081]}},{"type":"Feature","id":"79001031","properties":{"siteId":"79001031","name":"287 - 79001031 - 05485 (LANE AVE.)","county":"Shelby","road":"05485","alias":"LANE AVE.","category":"CC","direction":"2-WAY"},"geometry":{"type":"Point","coordinates":[-90.03608642,35.15181083]}},{"type":"Feature","id":"79001033","properties":{"siteId":"79001033","name":"288 - 79001033 - 05467 (RAINES RD.)","county":"Shelby","road":"05467","alias":"RAINES RD.","category":"CC","direction":"2-WAY"},"geometry":{"type":"Point","coordinates":[-89.9599182,35.0359567]}},{"type":"Feature","id":"79001034","properties":{"siteId":"79001034","name":"289 - 79001034 - 05078 (NEELY RD.)","county":"Shelby","road":"05078","alias":"NEELY RD.","category":"CC","direction":"N/S"},"geometry":{"type":"Point","coordinates":[-90.0562707,35.0341105]}},{"type":"Feature","id":"79001038","properties":{"siteId":"79001038","name":"290 - 79001038 - 05423 (RIVERDALE RD.)","county":"Shelby","road":"05423","alias":"RIVERDALE RD.","category":"CC","direction":"N/S"},"geometry":{"type":"Point","coordinates":[-89.8240356,35.1028292]}},{"type":"Feature","id":"79001047","properties":{"siteId":"79001047","name":"291 - 79001047 - 05090 (ROCHESTER RD.)","county":"Shelby","road":"05090","alias":"ROCHESTER RD.","category":"CC","direction":"2-WAY"},"geometry":{"type":"Point","coordinates":[-90.07562809,35.0572832]}},{"type":"Feature","id":"79001048","properties":{"siteId":"79001048","name":"292 - 79001048 - 05683 (DAVIES PLANTATION RD. E.)","county":"Shelby","road":"05683","alias":"DAVIES PLANTATION RD. E.","category":"CC","direction":"E/W"},"geometry":{"type":"Point","coordinates":[-89.73996332,35.22539039]}},{"type":"Feature","id":"79001050","properties":{"siteId":"79001050","name":"293 - 79001050 - 05547 (DONELSON FARMS PKWY.)","county":"Shelby","road":"05547","alias":"DONELSON FARMS PKWY.","category":"CC","direction":"2-WAY"},"geometry":{"type":"Point","coordinates":[-89.6572923,35.2521504]}},{"type":"Feature","id":"79001055","properties":{"siteId":"79001055","name":"294 - 79001055 - 06050 (FLETCHER TRACE PKWY.)","county":"Shelby","road":"06050","alias":"FLETCHER TRACE PKWY.","category":"CC","direction":"2-WAY"},"geometry":{"type":"Point","coordinates":[-89.75371264,35.2110432]}},{"type":"Feature","id":"79001058","properties":{"siteId":"79001058","name":"295 - 79001058 - 05128 (MEMPHIS ARLINGTON RD.)","county":"Shelby","road":"05128","alias":"MEMPHIS ARLINGTON RD.","category":"CC","direction":"E/W"},"geometry":{"type":"Point","coordinates":[-89.82373087,35.23208049]}},{"type":"Feature","id":"79001098","properties":{"siteId":"79001098","name":"296 - 79001098 - 02842","county":"Shelby","road":"02842","alias":"FIRST_COUNT_COLLECTED:","category":"CC","direction":"N/S"},"geometry":{"type":"Point","coordinates":[-90.0502721,35.155168]}},{"type":"Feature","id":"79001099","properties":{"siteId":"79001099","name":"297 - 79001099 - 02842","county":"Shelby","road":"02842","alias":"FIRST_COUNT_COLLECTED:","category":"CC","direction":"N/S"},"geometry":{"type":"Point","coordinates":[-90.0535398,35.1470311]}},{"type":"Feature","id":"79001100","properties":{"siteId":"79001100","name":"298 - 79001100 - 02842","county":"Shelby","road":"02842","alias":"FIRST_COUNT_COLLECTED:","category":"CC","direction":"N/S"},"geometry":{"type":"Point","coordinates":[-90.0575063,35.1390583]}},{"type":"Feature","id":"79001101","properties":{"siteId":"79001101","name":"299 - 79001101 - 02842","county":"Shelby","road":"02842","alias":"FIRST_COUNT_COLLECTED:","category":"CC","direction":"N/S"},"geometry":{"type":"Point","coordinates":[-90.0619449,35.1255242]}},{"type":"Feature","id":"92000014R","properties":{"siteId":"92000014R","name":"300 - 92000014R - SR022","county":"Weakley","road":"SR022","alias":"FIRST_COUNT_COLLECTED:","category":"RP","direction":"RAMP"},"geometry":{"type":"Point","coordinates":[-88.87033357,36.36612522]}},{"type":"Feature","id":"92000016R","properties":{"siteId":"92000016R","name":"301 - 92000016R - SR022","county":"Weakley","road":"SR022","alias":"FIRST_COUNT_COLLECTED:","category":"RP","direction":"RAMP"},"geometry":{"type":"Point","coordinates":[-88.86670993,36.36634403]}},{"type":"Feature","id":"92000019R","properties":{"siteId":"92000019R","name":"302 - 92000019R - SR022","county":"Weakley","road":"SR022","alias":"FIRST_COUNT_COLLECTED:","category":"RP","direction":"RAMP"},"geometry":{"type":"Point","coordinates":[-88.94089716,36.38475223]}},{"type":"Feature","id":"92000021R","properties":{"siteId":"92000021R","name":"303 - 92000021R - SR022","county":"Weakley","road":"SR022","alias":"FIRST_COUNT_COLLECTED:","category":"RP","direction":"RAMP"},"geometry":{"type":"Point","coordinates":[-88.93688955,36.38170531]}},{"type":"Feature","id":"02000153","properties":{"siteId":"02000153","name":"1 - 02000153 - SR437 (SR-437)","county":"Bedford","road":"SR437","alias":"SR-437","category":"CC","direction":"N/S"},"geometry":{"type":"Point","coordinates":[-86.38922013,35.4884112]}},{"type":"Feature","id":"03000035","properties":{"siteId":"03000035","name":"2 - 03000035 - I0040 (I-40)","county":"Benton","road":"I0040","alias":"I-40","category":"EDL","direction":"E/W"},"geometry":{"type":"Point","coordinates":[-88.0550935,35.8571968]}},{"type":"Feature","id":"08000078","properties":{"siteId":"08000078","name":"3 - 08000078 - SR001 (MCMINNVILLE HWY.)","county":"Cannon","road":"SR001","alias":"MCMINNVILLE HWY.","category":"CC","direction":"E/W"},"geometry":{"type":"Point","coordinates":[-85.988318,35.7854125]}},{"type":"Feature","id":"14000049","properties":{"siteId":"14000049","name":"4 - 14000049 - SR052 (DOW AVE.)","county":"Clay","road":"SR052","alias":"DOW AVE.","category":"CC","direction":"E/W"},"geometry":{"type":"Point","coordinates":[-85.51193163,36.55290284]}},{"type":"Feature","id":"16000102","properties":{"siteId":"16000102","name":"5 - 16000102 - SR055 (WILSON AVE.)","county":"Coffee","road":"SR055","alias":"WILSON AVE.","category":"CC","direction":"E/W"},"geometry":{"type":"Point","coordinates":[-86.22330059,35.36591648]}},{"type":"Feature","id":"16000160","properties":{"siteId":"16000160","name":"6 - 16000160 - SR016 (N. JACKSON ST.)","county":"Coffee","road":"SR016","alias":"N. JACKSON ST.","category":"CC","direction":"N/S"},"geometry":{"type":"Point","coordinates":[-86.2199242,35.3711869]}},{"type":"Feature","id":"18000007","properties":{"siteId":"18000007","name":"7 - 18000007 - SR028 (N. MAIN ST.)","county":"Cumberland","road":"SR028","alias":"N. MAIN ST.","category":"CC","direction":"N/S"},"geometry":{"type":"Point","coordinates":[-85.05726385,36.0543761]}},{"type":"Feature","id":"18000108","properties":{"siteId":"18000108","name":"8 - 18000108 - SR028 (N. MAIN ST.)","county":"Cumberland","road":"SR028","alias":"N. MAIN ST.","category":"CC","direction":"N/S"},"geometry":{"type":"Point","coordinates":[-85.0335301,35.9586458]}},{"type":"Feature","id":"18000113","properties":{"siteId":"18000113","name":"9 - 18000113 - SR392 (MILLER AVE.)","county":"Cumberland","road":"SR392","alias":"MILLER AVE.","category":"CC","direction":"E/W"},"geometry":{"type":"Point","coordinates":[-85.02069503,35.93195597]}},{"type":"Feature","id":"18000116","properties":{"siteId":"18000116","name":"10 - 18000116 - SR392 (MILLER AVE.)","county":"Cumberland","road":"SR392","alias":"MILLER AVE.","category":"CC","direction":"N/S"},"geometry":{"type":"Point","coordinates":[-85.0357661,35.9562018]}},{"type":"Feature","id":"18000133","properties":{"siteId":"18000133","name":"11 - 18000133 - SR101 (LANTANA RD.)","county":"Cumberland","road":"SR101","alias":"LANTANA RD.","category":"CC","direction":"N/S"},"geometry":{"type":"Point","coordinates":[-85.03660236,35.93392993]}},{"type":"Feature","id":"19000013","properties":{"siteId":"19000013","name":"12 - 19000013 - 04920 (EATONS CREEK RD.)","county":"Davidson","road":"04920","alias":"EATONS CREEK RD.","category":"CC","direction":"N/S"},"geometry":{"type":"Point","coordinates":[-86.89259236,36.28816727]}},{"type":"Feature","id":"19000112","properties":{"siteId":"19000112","name":"13 - 19000112 - 03248 (GRANNY WHITE PK.)","county":"Davidson","road":"03248","alias":"GRANNY WHITE PK.","category":"CC","direction":"N/S"},"geometry":{"type":"Point","coordinates":[-86.79143773,36.11748865]}},{"type":"Feature","id":"19000125","properties":{"siteId":"19000125","name":"14 - 19000125 - 00998 (MCCRORY LN.)","county":"Davidson","road":"00998","alias":"MCCRORY LN.","category":"CC","direction":"N/S"},"geometry":{"type":"Point","coordinates":[-86.9778717,36.04250776]}},{"type":"Feature","id":"19000150","properties":{"siteId":"19000150","name":"15 - 19000150 - SR174 (LONG HOLLOW PK.)","county":"Davidson","road":"SR174","alias":"LONG HOLLOW PK.","category":"EDL","direction":"N/S"},"geometry":{"type":"Point","coordinates":[-86.69941875,36.32760233]}},{"type":"Feature","id":"19000152","properties":{"siteId":"19000152","name":"16 - 19000152 - 03252 (GALLATIN AVE.)","county":"Davidson","road":"03252","alias":"GALLATIN AVE.","category":"CC","direction":"N/S"},"geometry":{"type":"Point","coordinates":[-86.74416532,36.19308842]}},{"type":"Feature","id":"19000153","properties":{"siteId":"19000153","name":"17 - 19000153 - 03252 (MAIN ST.)","county":"Davidson","road":"03252","alias":"MAIN ST.","category":"CC","direction":"E/W"},"geometry":{"type":"Point","coordinates":[-86.7641593,36.173304]}},{"type":"Feature","id":"19000184","properties":{"siteId":"19000184","name":"18 - 19000184 - SR155 (BRILEY PKWY.)","county":"Davidson","road":"SR155","alias":"BRILEY PKWY.","category":"CC","direction":"N/S"},"geometry":{"type":"Point","coordinates":[-86.6961182,36.126166]}},{"type":"Feature","id":"19000189","properties":{"siteId":"19000189","name":"19 - 19000189 - I0040 (I-40)","county":"Davidson","road":"I0040","alias":"I-40","category":"EDL","direction":"E/W"},"geometry":{"type":"Point","coordinates":[-86.7132041,36.1418294]}},{"type":"Feature","id":"19000197","properties":{"siteId":"19000197","name":"20 - 19000197 - SR001 (MEMPHIS-BRISTOL HWY.)","county":"Davidson","road":"SR001","alias":"MEMPHIS-BRISTOL HWY.","category":"EDL","direction":"E/W"},"geometry":{"type":"Point","coordinates":[-86.8930932,36.0871812]}},{"type":"Feature","id":"19000207","properties":{"siteId":"19000207","name":"21 - 19000207 - SR155 (BRILEY PKWY.)","county":"Davidson","road":"SR155","alias":"BRILEY PKWY.","category":"CC","direction":"E/W"},"geometry":{"type":"Point","coordinates":[-86.7045532,36.1158751]}},{"type":"Feature","id":"19000211","properties":{"siteId":"19000211","name":"22 - 19000211 - SR045 (OLD HICKORY BLVD.)","county":"Davidson","road":"SR045","alias":"OLD HICKORY BLVD.","category":"CC","direction":"E/W"},"geometry":{"type":"Point","coordinates":[-86.7335845,36.2642674]}},{"type":"Feature","id":"19000218","properties":{"siteId":"19000218","name":"23 - 19000218 - SR011 (DICKERSON PK.)","county":"Davidson","road":"SR011","alias":"DICKERSON PK.","category":"CC","direction":"N/S"},"geometry":{"type":"Point","coordinates":[-86.75955832,36.22796253]}},{"type":"Feature","id":"19000221","properties":{"siteId":"19000221","name":"24 - 19000221 - SR006 (FRANKLIN PK.)","county":"Davidson","road":"SR006","alias":"FRANKLIN PK.","category":"CC","direction":"N/S"},"geometry":{"type":"Point","coordinates":[-86.7728452,36.1059218]}},{"type":"Feature","id":"19000292","properties":{"siteId":"19000292","name":"25 - 19000292 - SR006 (GALLATIN PK.)","county":"Davidson","road":"SR006","alias":"GALLATIN PK.","category":"CC","direction":"N/S"},"geometry":{"type":"Point","coordinates":[-86.701915,36.29379075]}},{"type":"Feature","id":"19000302","properties":{"siteId":"19000302","name":"26 - 19000302 - I0024 (I-24)","county":"Davidson","road":"I0024","alias":"I-24","category":"EDL","direction":"E/W"},"geometry":{"type":"Point","coordinates":[-86.7808618,36.2294365]}},{"type":"Feature","id":"19000313","properties":{"siteId":"19000313","name":"27 - 19000313 - SR096 (HWY. 96)","county":"Davidson","road":"SR096","alias":"HWY. 96","category":"CC","direction":"E/W"},"geometry":{"type":"Point","coordinates":[-87.0286609,36.0143907]}},{"type":"Feature","id":"19000319","properties":{"siteId":"19000319","name":"28 - 19000319 - SR155 (BRILEY PKWY.)","county":"Davidson","road":"SR155","alias":"BRILEY PKWY.","category":"CC","direction":"E/W"},"geometry":{"type":"Point","coordinates":[-86.7264351,36.1091926]}},{"type":"Feature","id":"19000321","properties":{"siteId":"19000321","name":"29 - 19000321 - 03269 (FESSLERS LN. )","county":"Davidson","road":"03269","alias":"FESSLERS LN.","category":"CC","direction":"N/S"},"geometry":{"type":"Point","coordinates":[-86.7439596,36.1457522]}},{"type":"Feature","id":"19000338","properties":{"siteId":"19000338","name":"30 - 19000338 - SR012 (ROSA L. PARKS BLVD.)","county":"Davidson","road":"SR012","alias":"ROSA L. PARKS BLVD.","category":"CC","direction":"E/W"},"geometry":{"type":"Point","coordinates":[-86.8178094,36.1917316]}},{"type":"Feature","id":"19000344","properties":{"siteId":"19000344","name":"31 - 19000344 - I0024 (I-24)","county":"Davidson","road":"I0024","alias":"I-24","category":"EDL","direction":"E/W"},"geometry":{"type":"Point","coordinates":[-86.7870614,36.2569301]}},{"type":"Feature","id":"19000354","properties":{"siteId":"19000354","name":"32 - 19000354 - SR024 (CHARLOTTE AVE.)","county":"Davidson","road":"SR024","alias":"CHARLOTTE AVE.","category":"CC","direction":"E/W"},"geometry":{"type":"Point","coordinates":[-86.8221079,36.1531185]}},{"type":"Feature","id":"19000378","properties":{"siteId":"19000378","name":"33 - 19000378 - SR001 (MURFREESBORO RD.)","county":"Davidson","road":"SR001","alias":"MURFREESBORO RD.","category":"CC","direction":"E/W"},"geometry":{"type":"Point","coordinates":[-86.735184,36.1397998]}},{"type":"Feature","id":"19000401","properties":{"siteId":"19000401","name":"34 - 19000401 - 03256 (WEDGEWOOD AVE.)","county":"Davidson","road":"03256","alias":"WEDGEWOOD AVE.","category":"CC","direction":"E/W"},"geometry":{"type":"Point","coordinates":[-86.7914413,36.1359652]}},{"type":"Feature","id":"19000411","properties":{"siteId":"19000411","name":"35 - 19000411 - 03268 (BRICK CHURCH PK.)","county":"Davidson","road":"03268","alias":"BRICK CHURCH PK.","category":"CC","direction":"N/S"},"geometry":{"type":"Point","coordinates":[-86.7766165,36.25896233]}},{"type":"Feature","id":"19000442","properties":{"siteId":"19000442","name":"36 - 19000442 - 04168 (SMITH SPRINGS RD.)","county":"Davidson","road":"04168","alias":"SMITH SPRINGS RD.","category":"CC","direction":"E/W"},"geometry":{"type":"Point","coordinates":[-86.6386713,36.09652519]}},{"type":"Feature","id":"19000450","properties":{"siteId":"19000450","name":"37 - 19000450 - 04163 (BRANSFORD AVE.)","county":"Davidson","road":"04163","alias":"BRANSFORD AVE.","category":"CC","direction":"N/S"},"geometry":{"type":"Point","coordinates":[-86.7670258,36.1278388]}},{"type":"Feature","id":"19000455","properties":{"siteId":"19000455","name":"38 - 19000455 - 04450 (OLD LEBANON DIRT RD.)","county":"Davidson","road":"04450","alias":"OLD LEBANON DIRT RD.","category":"CC","direction":"E/W"},"geometry":{"type":"Point","coordinates":[-86.60118059,36.18736235]}},{"type":"Feature","id":"19000457","properties":{"siteId":"19000457","name":"39 - 19000457 - I0440 (I-440)","county":"Davidson","road":"I0440","alias":"I-440","category":"EDL","direction":"E/W"},"geometry":{"type":"Point","coordinates":[-86.8156006,36.127976]}},{"type":"Feature","id":"19000458","properties":{"siteId":"19000458","name":"40 - 19000458 - I0440 (I-440)","county":"Davidson","road":"I0440","alias":"I-440","category":"EDL","direction":"E/W"},"geometry":{"type":"Point","coordinates":[-86.8221911,36.1467303]}},{"type":"Feature","id":"19000477","properties":{"siteId":"19000477","name":"41 - 19000477 - SR255 (DONELSON PK.)","county":"Davidson","road":"SR255","alias":"DONELSON PK.","category":"CC","direction":"N/S"},"geometry":{"type":"Point","coordinates":[-86.665298,36.1240323]}},{"type":"Feature","id":"19000486","properties":{"siteId":"19000486","name":"42 - 19000486 - 01011 (BELL RD.)","county":"Davidson","road":"01011","alias":"BELL RD.","category":"CC","direction":"N/S"},"geometry":{"type":"Point","coordinates":[-86.6251212,36.0917862]}},{"type":"Feature","id":"19000497","properties":{"siteId":"19000497","name":"43 - 19000497 - 04885 (TROUSDALE DR.)","county":"Davidson","road":"04885","alias":"TROUSDALE DR.","category":"CC","direction":"N/S"},"geometry":{"type":"Point","coordinates":[-86.7582221,36.0822974]}},{"type":"Feature","id":"19000500","properties":{"siteId":"19000500","name":"44 - 19000500 - 04957 (BLUE HOLE RD.)","county":"Davidson","road":"04957","alias":"BLUE HOLE RD.","category":"CC","direction":"N/S"},"geometry":{"type":"Point","coordinates":[-86.67243263,36.05660876]}},{"type":"Feature","id":"19000503","properties":{"siteId":"19000503","name":"45 - 19000503 - 04170 (HAYWOOD LN.)","county":"Davidson","road":"04170","alias":"HAYWOOD LN.","category":"CC","direction":"E/W"},"geometry":{"type":"Point","coordinates":[-86.6858912,36.0699077]}},{"type":"Feature","id":"19000505","properties":{"siteId":"19000505","name":"46 - 19000505 - 04890 (ESTES RD.)","county":"Davidson","road":"04890","alias":"ESTES RD.","category":"CC","direction":"N/S"},"geometry":{"type":"Point","coordinates":[-86.83696878,36.11301173]}},{"type":"Feature","id":"19000514","properties":{"siteId":"19000514","name":"47 - 19000514 - 04925 (HART LN.)","county":"Davidson","road":"04925","alias":"HART LN.","category":"CC","direction":"E/W"},"geometry":{"type":"Point","coordinates":[-86.7447552,36.2176725]}},{"type":"Feature","id":"19000538","properties":{"siteId":"19000538","name":"48 - 19000538 - 04876 (TULIP GROVE RD.)","county":"Davidson","road":"04876","alias":"TULIP GROVE RD.","category":"CC","direction":"N/S"},"geometry":{"type":"Point","coordinates":[-86.5916101,36.2018476]}},{"type":"Feature","id":"19000545","properties":{"siteId":"19000545","name":"49 - 19000545 - 04918 (BUENA VISTA PK. )","county":"Davidson","road":"04918","alias":"BUENA VISTA PK.","category":"CC","direction":"N/S"},"geometry":{"type":"Point","coordinates":[-86.81998988,36.21758109]}},{"type":"Feature","id":"19000548","properties":{"siteId":"19000548","name":"50 - 19000548 - 04944 (MCCAMPBELL AVE.)","county":"Davidson","road":"04944","alias":"MCCAMPBELL AVE.","category":"CC","direction":"E/W"},"geometry":{"type":"Point","coordinates":[-86.66094626,36.16064259]}},{"type":"Feature","id":"19000558","properties":{"siteId":"19000558","name":"51 - 19000558 - 04886 (BLACKMAN RD.)","county":"Davidson","road":"04886","alias":"BLACKMAN RD.","category":"CC","direction":"E/W"},"geometry":{"type":"Point","coordinates":[-86.733723,36.0726312]}},{"type":"Feature","id":"19000564","properties":{"siteId":"19000564","name":"52 - 19000564 - 04965 (HAMILTON CHURCH RD.)","county":"Davidson","road":"04965","alias":"HAMILTON CHURCH RD.","category":"CC","direction":"E/W"},"geometry":{"type":"Point","coordinates":[-86.624586,36.0650841]}},{"type":"Feature","id":"19000567","properties":{"siteId":"19000567","name":"53 - 19000567 - 04959 (CROSSINGS BLVD.)","county":"Davidson","road":"04959","alias":"CROSSINGS BLVD.","category":"CC","direction":"E/W"},"geometry":{"type":"Point","coordinates":[-86.6490271,36.0450462]}},{"type":"Feature","id":"19000570","properties":{"siteId":"19000570","name":"54 - 19000570 - 04968 (RICHARDS RD.)","county":"Davidson","road":"04968","alias":"RICHARDS RD.","category":"CC","direction":"E/W"},"geometry":{"type":"Point","coordinates":[-86.6771443,36.06870281]}},{"type":"Feature","id":"19000634","properties":{"siteId":"19000634","name":"55 - 19000634 - 04897 (SAWYER BROWN RD.)","county":"Davidson","road":"04897","alias":"SAWYER BROWN RD.","category":"CC","direction":"N/S"},"geometry":{"type":"Point","coordinates":[-86.9460638,36.0746788]}},{"type":"Feature","id":"19000635","properties":{"siteId":"19000635","name":"56 - 19000635 - SR024 (LEBANON PK.)","county":"Davidson","road":"SR024","alias":"LEBANON PK.","category":"CC","direction":"E/W"},"geometry":{"type":"Point","coordinates":[-86.7007297,36.1623135]}},{"type":"Feature","id":"20000044","properties":{"siteId":"20000044","name":"57 - 20000044 - I0040 (I-40)","county":"Decatur","road":"I0040","alias":"I-40","category":"EDL","direction":"E/W"},"geometry":{"type":"Point","coordinates":[-88.1586765,35.819357]}},{"type":"Feature","id":"20000069","properties":{"siteId":"20000069","name":"58 - 20000069 - SR069 (STATE HWY. 69 S.)","county":"Decatur","road":"SR069","alias":"STATE HWY. 69 S.","category":"CC","direction":"N/S"},"geometry":{"type":"Point","coordinates":[-88.14168042,35.54441822]}},{"type":"Feature","id":"21000082","properties":{"siteId":"21000082","name":"59 - 21000082 - SR056 (CONGRESS BLVD.)","county":"Dekalb","road":"SR056","alias":"CONGRESS BLVD.","category":"CC","direction":"N/S"},"geometry":{"type":"Point","coordinates":[-85.81375759,35.94848359]}},{"type":"Feature","id":"22000092","properties":{"siteId":"22000092","name":"60 - 22000092 - SR046 (HWY. 46)","county":"Dickson","road":"SR046","alias":"HWY. 46","category":"CC","direction":"N/S"},"geometry":{"type":"Point","coordinates":[-87.3693234,36.0550342]}},{"type":"Feature","id":"22000107","properties":{"siteId":"22000107","name":"61 - 22000107 - SR046 (MATHIS DR.)","county":"Dickson","road":"SR046","alias":"MATHIS DR.","category":"CC","direction":"N/S"},"geometry":{"type":"Point","coordinates":[-87.37646755,36.07469448]}},{"type":"Feature","id":"22000156","properties":{"siteId":"22000156","name":"62 - 22000156 - I0840 (I-840)","county":"Dickson","road":"I0840","alias":"I-840","category":"EDL","direction":"E/W"},"geometry":{"type":"Point","coordinates":[-87.23947,35.9846827]}},{"type":"Feature","id":"28000157","properties":{"siteId":"28000157","name":"63 - 28000157 - SR015 (US-64)","county":"Giles","road":"SR015","alias":"US-64","category":"CC","direction":"N/S"},"geometry":{"type":"Point","coordinates":[-87.0604904,35.1786835]}},{"type":"Feature","id":"40000086","properties":{"siteId":"40000086","name":"64 - 40000086 - SR069 (US-641 S.)","county":"Henry","road":"SR069","alias":"US-641 S.","category":"CC","direction":"N/S"},"geometry":{"type":"Point","coordinates":[-88.2367954,36.2402643]}},{"type":"Feature","id":"40000104","properties":{"siteId":"40000104","name":"65 - 40000104 - SR076 (TYSON AVE.)","county":"Henry","road":"SR076","alias":"TYSON AVE.","category":"CC","direction":"N/S"},"geometry":{"type":"Point","coordinates":[-88.3211236,36.2886503]}},{"type":"Feature","id":"40000165","properties":{"siteId":"40000165","name":"66 - 40000165 - SR022 (STATE HWY. 22 N.)","county":"Henry","road":"SR022","alias":"STATE HWY. 22 N.","category":"CC","direction":"N/S"},"geometry":{"type":"Point","coordinates":[-88.520497,36.1630474]}},{"type":"Feature","id":"50000099","properties":{"siteId":"50000099","name":"67 - 50000099 - SR006 (N. LOCUST AVE.)","county":"Lawrence","road":"SR006","alias":"N. LOCUST AVE.","category":"CC","direction":"N/S"},"geometry":{"type":"Point","coordinates":[-87.3143911,35.2830971]}},{"type":"Feature","id":"51000046","properties":{"siteId":"51000046","name":"68 - 51000046 - SR020 (LINDEN HWY.)","county":"Lewis","road":"SR020","alias":"LINDEN HWY.","category":"CC","direction":"E/W"},"geometry":{"type":"Point","coordinates":[-87.60649091,35.55020124]}},{"type":"Feature","id":"52000114","properties":{"siteId":"52000114","name":"69 - 52000114 - SR010 (HUNTSVILLE HWY.)","county":"Lincoln","road":"SR010","alias":"HUNTSVILLE HWY.","category":"CC","direction":"N/S"},"geometry":{"type":"Point","coordinates":[-86.5727424,35.0635628]}},{"type":"Feature","id":"52000150","properties":{"siteId":"52000150","name":"70 - 52000150 - SR015 (WINCHESTER HWY.)","county":"Lincoln","road":"SR015","alias":"WINCHESTER HWY.","category":"CC","direction":"E/W"},"geometry":{"type":"Point","coordinates":[-86.3778862,35.0743218]}},{"type":"Feature","id":"56000073","properties":{"siteId":"56000073","name":"71 - 56000073 - SR052 (HWY. 52 W.)","county":"Macon","road":"SR052","alias":"HWY. 52 W.","category":"CC","direction":"E/W"},"geometry":{"type":"Point","coordinates":[-86.09248285,36.53272968]}},{"type":"Feature","id":"59000060","properties":{"siteId":"59000060","name":"72 - 59000060 - SR106 (N. ELLINGTON PKWY.)","county":"Marshall","road":"SR106","alias":"N. ELLINGTON PKWY.","category":"CC","direction":"N/S"},"geometry":{"type":"Point","coordinates":[-86.7789806,35.4563963]}},{"type":"Feature","id":"60000026","properties":{"siteId":"60000026","name":"73 - 60000026 - SR247 (SNOW CREEK RD.)","county":"Maury","road":"SR247","alias":"SNOW CREEK RD.","category":"CC","direction":"E/W"},"geometry":{"type":"Point","coordinates":[-87.11984013,35.73010455]}},{"type":"Feature","id":"60000076","properties":{"siteId":"60000076","name":"74 - 60000076 - SR006 (NEW LAWRENCEBURG HWY.)","county":"Maury","road":"SR006","alias":"NEW LAWRENCEBURG HWY.","category":"CC","direction":"N/S"},"geometry":{"type":"Point","coordinates":[-87.2772184,35.4441721]}},{"type":"Feature","id":"60000094","properties":{"siteId":"60000094","name":"75 - 60000094 - SR006 (NEW LAWRENCEBURG HWY.)","county":"Maury","road":"SR006","alias":"NEW LAWRENCEBURG HWY.","category":"CC","direction":"N/S"},"geometry":{"type":"Point","coordinates":[-87.2320316,35.5017535]}},{"type":"Feature","id":"60000113","properties":{"siteId":"60000113","name":"76 - 60000113 - SR006 (NEW LAWRENCEBURG HWY.)","county":"Maury","road":"SR006","alias":"NEW LAWRENCEBURG HWY.","category":"CC","direction":"E/W"},"geometry":{"type":"Point","coordinates":[-87.1994866,35.5548852]}},{"type":"Feature","id":"60000145","properties":{"siteId":"60000145","name":"77 - 60000145 - SR007 (NASHVILLE HWY.)","county":"Maury","road":"SR007","alias":"NASHVILLE HWY.","category":"CC","direction":"N/S"},"geometry":{"type":"Point","coordinates":[-87.0341155,35.62185]}},{"type":"Feature","id":"60000173","properties":{"siteId":"60000173","name":"78 - 60000173 - SR099 (BEAR CREEK PK.)","county":"Maury","road":"SR099","alias":"BEAR CREEK PK.","category":"CC","direction":"E/W"},"geometry":{"type":"Point","coordinates":[-86.96472076,35.63613092]}},{"type":"Feature","id":"60000197","properties":{"siteId":"60000197","name":"79 - 60000197 - SR006 (NEW LAWRENCEBURG HWY.)","county":"Maury","road":"SR006","alias":"NEW LAWRENCEBURG HWY.","category":"CC","direction":"E/W"},"geometry":{"type":"Point","coordinates":[-87.1663804,35.568426]}},{"type":"Feature","id":"60000201","properties":{"siteId":"60000201","name":"80 - 60000201 - SR006 (NEW LAWRENCEBURG HWY.)","county":"Maury","road":"SR006","alias":"NEW LAWRENCEBURG HWY.","category":"CC","direction":"E/W"},"geometry":{"type":"Point","coordinates":[-87.0586044,35.6305317]}},{"type":"Feature","id":"60000202","properties":{"siteId":"60000202","name":"81 - 60000202 - SR006 (NEW LAWRENCEBURG HWY.)","county":"Maury","road":"SR006","alias":"NEW LAWRENCEBURG HWY.","category":"CC","direction":"E/W"},"geometry":{"type":"Point","coordinates":[-87.0221332,35.6367923]}},{"type":"Feature","id":"63000102","properties":{"siteId":"63000102","name":"82 - 63000102 - SR076 (DOVER RD.)","county":"Montgomery","road":"SR076","alias":"DOVER RD.","category":"CC","direction":"E/W"},"geometry":{"type":"Point","coordinates":[-87.5354531,36.5395184]}},{"type":"Feature","id":"63000151","properties":{"siteId":"63000151","name":"83 - 63000151 - SR012 (ASHLAND CITY RD.)","county":"Montgomery","road":"SR012","alias":"ASHLAND CITY RD.","category":"CC","direction":"E/W"},"geometry":{"type":"Point","coordinates":[-87.3066414,36.5013368]}},{"type":"Feature","id":"63000180","properties":{"siteId":"63000180","name":"84 - 63000180 - SR374 (101ST AIRBORNE DIVISION PKWY.)","county":"Montgomery","road":"SR374","alias":"101ST AIRBORNE DIVISION PKWY.","category":"CC","direction":"E/W"},"geometry":{"type":"Point","coordinates":[-87.3093919,36.5734316]}},{"type":"Feature","id":"63000201","properties":{"siteId":"63000201","name":"85 - 63000201 - SR374 (PURPLE HEART PKWY.)","county":"Montgomery","road":"SR374","alias":"PURPLE HEART PKWY.","category":"CC","direction":"E/W"},"geometry":{"type":"Point","coordinates":[-87.4241921,36.5810736]}},{"type":"Feature","id":"67000069","properties":{"siteId":"67000069","name":"86 - 67000069 - SR052 (GARRETT-MAYNORD HWY.)","county":"Overton","road":"SR052","alias":"GARRETT-MAYNORD HWY.","category":"CC","direction":"E/W"},"geometry":{"type":"Point","coordinates":[-85.3399164,36.4326549]}},{"type":"Feature","id":"69000033","properties":{"siteId":"69000033","name":"87 - 69000033 - SR111 (HWY. ONE ELEVEN)","county":"Pickett","road":"SR111","alias":"HWY. ONE ELEVEN","category":"CC","direction":"N/S"},"geometry":{"type":"Point","coordinates":[-85.1382795,36.5760431]}},{"type":"Feature","id":"71000096","properties":{"siteId":"71000096","name":"88 - 71000096 - SR111 (STATE HWY. 111)","county":"Putnam","road":"SR111","alias":"STATE HWY. 111","category":"CC","direction":"N/S"},"geometry":{"type":"Point","coordinates":[-85.4779991,36.1415843]}},{"type":"Feature","id":"71000097","properties":{"siteId":"71000097","name":"89 - 71000097 - SR111 (STATE HWY. 111)","county":"Putnam","road":"SR111","alias":"STATE HWY. 111","category":"CC","direction":"N/S"},"geometry":{"type":"Point","coordinates":[-85.4813513,36.1285198]}},{"type":"Feature","id":"71000106","properties":{"siteId":"71000106","name":"90 - 71000106 - SR111 (STATE HWY. 111)","county":"Putnam","road":"SR111","alias":"STATE HWY. 111","category":"CC","direction":"N/S"},"geometry":{"type":"Point","coordinates":[-85.4623143,36.1697215]}},{"type":"Feature","id":"71000108","properties":{"siteId":"71000108","name":"91 - 71000108 - 01016 (E. 10TH ST.)","county":"Putnam","road":"01016","alias":"E. 10TH ST.","category":"CC","direction":"E/W"},"geometry":{"type":"Point","coordinates":[-85.46631085,36.17779728]}},{"type":"Feature","id":"71000141","properties":{"siteId":"71000141","name":"92 - 71000141 - 04405 (INTERSTATE DR.)","county":"Putnam","road":"04405","alias":"INTERSTATE DR.","category":"CC","direction":"E/W"},"geometry":{"type":"Point","coordinates":[-85.5225134,36.1384376]}},{"type":"Feature","id":"71000145","properties":{"siteId":"71000145","name":"93 - 71000145 - SR024 (W. SPRING ST.)","county":"Putnam","road":"SR024","alias":"W. SPRING ST.","category":"CC","direction":"E/W"},"geometry":{"type":"Point","coordinates":[-85.5147866,36.1626329]}},{"type":"Feature","id":"74000098","properties":{"siteId":"74000098","name":"94 - 74000098 - I0065 (I-65)","county":"Robertson","road":"I0065","alias":"I-65","category":"EDL","direction":"N/S"},"geometry":{"type":"Point","coordinates":[-86.6235924,36.563203]}},{"type":"Feature","id":"74000124","properties":{"siteId":"74000124","name":"95 - 74000124 - SR065 (TOM AUSTIN MEMORIAL HWY.)","county":"Robertson","road":"SR065","alias":"TOM AUSTIN MEMORIAL HWY.","category":"CC","direction":"N/S"},"geometry":{"type":"Point","coordinates":[-86.9006639,36.4093747]}},{"type":"Feature","id":"74000154","properties":{"siteId":"74000154","name":"96 - 74000154 - SR065 (TOM AUSTIN MEMORIAL HWY.)","county":"Robertson","road":"SR065","alias":"TOM AUSTIN MEMORIAL HWY.","category":"CC","direction":"N/S"},"geometry":{"type":"Point","coordinates":[-86.8989426,36.4340462]}},{"type":"Feature","id":"75000106","properties":{"siteId":"75000106","name":"97 - 75000106 - I0024 (I-24)","county":"Rutherford","road":"I0024","alias":"I-24","category":"EDL","direction":"E/W"},"geometry":{"type":"Point","coordinates":[-86.46351,35.8729916]}},{"type":"Feature","id":"75000107","properties":{"siteId":"75000107","name":"98 - 75000107 - I0024 (I-24)","county":"Rutherford","road":"I0024","alias":"I-24","category":"EDL","direction":"E/W"},"geometry":{"type":"Point","coordinates":[-86.4278818,35.8406152]}},{"type":"Feature","id":"75000113","properties":{"siteId":"75000113","name":"99 - 75000113 - SR010 (MEMORIAL BLVD.)","county":"Rutherford","road":"SR010","alias":"MEMORIAL BLVD.","category":"CC","direction":"N/S"},"geometry":{"type":"Point","coordinates":[-86.3851846,35.8757453]}},{"type":"Feature","id":"75000189","properties":{"siteId":"75000189","name":"100 - 75000189 - SR010 (S. CHURCH ST.)","county":"Rutherford","road":"SR010","alias":"S. CHURCH ST.","category":"CC","direction":"N/S"},"geometry":{"type":"Point","coordinates":[-86.4013083,35.7801696]}},{"type":"Feature","id":"75000244","properties":{"siteId":"75000244","name":"101 - 75000244 - SR001 (JOHN BRAGG HWY.)","county":"Rutherford","road":"SR001","alias":"JOHN BRAGG HWY.","category":"CC","direction":"E/W"},"geometry":{"type":"Point","coordinates":[-86.2988521,35.8281673]}},{"type":"Feature","id":"75000248","properties":{"siteId":"75000248","name":"102 - 75000248 - I0840 (I-840)","county":"Rutherford","road":"I0840","alias":"I-840","category":"EDL","direction":"E/W"},"geometry":{"type":"Point","coordinates":[-86.432496,35.9946604]}},{"type":"Feature","id":"75000249","properties":{"siteId":"75000249","name":"103 - 75000249 - I0840 (I-840)","county":"Rutherford","road":"I0840","alias":"I-840","category":"EDL","direction":"E/W"},"geometry":{"type":"Point","coordinates":[-86.4485123,35.9703916]}},{"type":"Feature","id":"75000255","properties":{"siteId":"75000255","name":"104 - 75000255 - I0024 (I-24)","county":"Rutherford","road":"I0024","alias":"I-24","category":"EDL","direction":"E/W"},"geometry":{"type":"Point","coordinates":[-86.5212541,35.9250264]}},{"type":"Feature","id":"75000279","properties":{"siteId":"75000279","name":"105 - 75000279 - I0840 (I-840)","county":"Rutherford","road":"I0840","alias":"I-840","category":"EDL","direction":"E/W"},"geometry":{"type":"Point","coordinates":[-86.5667565,35.8604609]}},{"type":"Feature","id":"75000280","properties":{"siteId":"75000280","name":"106 - 75000280 - I0840 (I-840)","county":"Rutherford","road":"I0840","alias":"I-840","category":"EDL","direction":"E/W"},"geometry":{"type":"Point","coordinates":[-86.595736,35.8572702]}},{"type":"Feature","id":"75000283","properties":{"siteId":"75000283","name":"107 - 75000283 - SR001 (NEW NASHVILLE HWY.)","county":"Rutherford","road":"SR001","alias":"NEW NASHVILLE HWY.","category":"CC","direction":"N/S"},"geometry":{"type":"Point","coordinates":[-86.4794447,35.9373893]}},{"type":"Feature","id":"75000284","properties":{"siteId":"75000284","name":"108 - 75000284 - I0024 (I-24)","county":"Rutherford","road":"I0024","alias":"I-24","category":"EDL","direction":"E/W"},"geometry":{"type":"Point","coordinates":[-86.4451254,35.8562646]}},{"type":"Feature","id":"75000290","properties":{"siteId":"75000290","name":"109 - 75000290 - I0024 (I-24)","county":"Rutherford","road":"I0024","alias":"I-24","category":"EDL","direction":"E/W"},"geometry":{"type":"Point","coordinates":[-86.4069854,35.8215758]}},{"type":"Feature","id":"83000195","properties":{"siteId":"83000195","name":"110 - 83000195 - SR109 (GALLATIN BYPASS)","county":"Sumner","road":"SR109","alias":"GALLATIN BYPASS","category":"CC","direction":"N/S"},"geometry":{"type":"Point","coordinates":[-86.4702233,36.3814651]}},{"type":"Feature","id":"83000196","properties":{"siteId":"83000196","name":"111 - 83000196 - SR109 (GALLATIN BYPASS)","county":"Sumner","road":"SR109","alias":"GALLATIN BYPASS","category":"CC","direction":"N/S"},"geometry":{"type":"Point","coordinates":[-86.4789642,36.3929858]}},{"type":"Feature","id":"83000202","properties":{"siteId":"83000202","name":"112 - 83000202 - SR041 (HWY. 31W N.)","county":"Sumner","road":"SR041","alias":"HWY. 31W N.","category":"CC","direction":"N/S"},"geometry":{"type":"Point","coordinates":[-86.6362142,36.5302506]}},{"type":"Feature","id":"83000204","properties":{"siteId":"83000204","name":"113 - 83000204 - SR041 (HWY. 31W N.)","county":"Sumner","road":"SR041","alias":"HWY. 31W N.","category":"CC","direction":"N/S"},"geometry":{"type":"Point","coordinates":[-86.6575822,36.4655293]}},{"type":"Feature","id":"83000207","properties":{"siteId":"83000207","name":"114 - 83000207 - SR006 (W. MAIN ST.)","county":"Sumner","road":"SR006","alias":"W. MAIN ST.","category":"CC","direction":"E/W"},"geometry":{"type":"Point","coordinates":[-86.6520634,36.3053115]}},{"type":"Feature","id":"83000218","properties":{"siteId":"83000218","name":"115 - 83000218 - SR052 (STATE HWY. 52)","county":"Sumner","road":"SR052","alias":"STATE HWY. 52","category":"CC","direction":"E/W"},"geometry":{"type":"Point","coordinates":[-86.37337618,36.57022371]}},{"type":"Feature","id":"83000267","properties":{"siteId":"83000267","name":"116 - 83000267 - SR109 (STATE HWY. 109 N.)","county":"Sumner","road":"SR109","alias":"STATE HWY. 109 N.","category":"CC","direction":"N/S"},"geometry":{"type":"Point","coordinates":[-86.4774648,36.4783982]}},{"type":"Feature","id":"83000268","properties":{"siteId":"83000268","name":"117 - 83000268 - SR109 (STATE HWY. 109 N.)","county":"Sumner","road":"SR109","alias":"STATE HWY. 109 N.","category":"CC","direction":"N/S"},"geometry":{"type":"Point","coordinates":[-86.5100434,36.5224332]}},{"type":"Feature","id":"89000098","properties":{"siteId":"89000098","name":"118 - 89000098 - SR056 (SMITHVILLE HWY.)","county":"Warren","road":"SR056","alias":"SMITHVILLE HWY.","category":"CC","direction":"N/S"},"geometry":{"type":"Point","coordinates":[-85.78474949,35.73064985]}},{"type":"Feature","id":"89000128","properties":{"siteId":"89000128","name":"119 - 89000128 - SR001 (SPARTA HWY.)","county":"Warren","road":"SR001","alias":"SPARTA HWY.","category":"CC","direction":"N/S"},"geometry":{"type":"Point","coordinates":[-85.7318347,35.7073682]}},{"type":"Feature","id":"89000136","properties":{"siteId":"89000136","name":"120 - 89000136 - SR055 (H.T. PELHAM MEMORIAL PKWY.)","county":"Warren","road":"SR055","alias":"H.T. PELHAM MEMORIAL PKWY.","category":"CC","direction":"N/S"},"geometry":{"type":"Point","coordinates":[-85.8144457,35.6570291]}},{"type":"Feature","id":"89000137","properties":{"siteId":"89000137","name":"121 - 89000137 - SR055 (H.T. PELHAM MEMORIAL PKWY.)","county":"Warren","road":"SR055","alias":"H.T. PELHAM MEMORIAL PKWY.","category":"CC","direction":"N/S"},"geometry":{"type":"Point","coordinates":[-85.8061201,35.6910482]}},{"type":"Feature","id":"93000014","properties":{"siteId":"93000014","name":"122 - 93000014 - SR111 (STATE HWY. 111)","county":"White","road":"SR111","alias":"STATE HWY. 111","category":"CC","direction":"N/S"},"geometry":{"type":"Point","coordinates":[-85.506132,36.0116965]}},{"type":"Feature","id":"93000058","properties":{"siteId":"93000058","name":"123 - 93000058 - SR111 (SPENCER HWY.)","county":"White","road":"SR111","alias":"SPENCER HWY.","category":"CC","direction":"N/S"},"geometry":{"type":"Point","coordinates":[-85.4772528,35.9130635]}},{"type":"Feature","id":"93000102","properties":{"siteId":"93000102","name":"124 - 93000102 - SR111 (STATE HWY. 111)","county":"White","road":"SR111","alias":"STATE HWY. 111","category":"CC","direction":"N/S"},"geometry":{"type":"Point","coordinates":[-85.5079843,36.0380689]}},{"type":"Feature","id":"93000113","properties":{"siteId":"93000113","name":"125 - 93000113 - SR111 (STATE HWY. 111)","county":"White","road":"SR111","alias":"STATE HWY. 111","category":"CC","direction":"N/S"},"geometry":{"type":"Point","coordinates":[-85.4951839,35.9800811]}},{"type":"Feature","id":"94000048","properties":{"siteId":"94000048","name":"126 - 94000048 - 00984 (CLOVERCROFT RD.)","county":"Williamson","road":"00984","alias":"CLOVERCROFT RD.","category":"CC","direction":"E/W"},"geometry":{"type":"Point","coordinates":[-86.7648005,35.9284396]}},{"type":"Feature","id":"94000097","properties":{"siteId":"94000097","name":"127 - 94000097 - SR006 (FRANKLIN RD.)","county":"Williamson","road":"SR006","alias":"FRANKLIN RD.","category":"CC","direction":"N/S"},"geometry":{"type":"Point","coordinates":[-86.8229156,35.9792734]}},{"type":"Feature","id":"94000098","properties":{"siteId":"94000098","name":"128 - 94000098 - SR100 (FAIRVIEW BLVD.)","county":"Williamson","road":"SR100","alias":"FAIRVIEW BLVD.","category":"CC","direction":"E/W"},"geometry":{"type":"Point","coordinates":[-87.1275339,35.9747896]}},{"type":"Feature","id":"94000139","properties":{"siteId":"94000139","name":"129 - 94000139 - SR006 (FRANKLIN RD.)","county":"Williamson","road":"SR006","alias":"FRANKLIN RD.","category":"CC","direction":"N/S"},"geometry":{"type":"Point","coordinates":[-86.80201476,36.01125899]}},{"type":"Feature","id":"94000142","properties":{"siteId":"94000142","name":"130 - 94000142 - SR397 (MACK HATCHER MEMORIAL PKWY.)","county":"Williamson","road":"SR397","alias":"MACK HATCHER MEMORIAL PKWY.","category":"CC","direction":"N/S"},"geometry":{"type":"Point","coordinates":[-86.857524,35.89819429]}},{"type":"Feature","id":"94000158","properties":{"siteId":"94000158","name":"131 - 94000158 - SR397 (MACK HATCHER MEMORIAL PKWY.)","county":"Williamson","road":"SR397","alias":"MACK HATCHER MEMORIAL PKWY.","category":"CC","direction":"N/S"},"geometry":{"type":"Point","coordinates":[-86.8432184,35.9237984]}},{"type":"Feature","id":"94000159","properties":{"siteId":"94000159","name":"132 - 94000159 - SR397 (MACK HATCHER MEMORIAL PKWY.)","county":"Williamson","road":"SR397","alias":"MACK HATCHER MEMORIAL PKWY.","category":"CC","direction":"N/S"},"geometry":{"type":"Point","coordinates":[-86.8479392,35.9452038]}},{"type":"Feature","id":"94000165","properties":{"siteId":"94000165","name":"133 - 94000165 - SR006 (FRANKLIN RD.)","county":"Williamson","road":"SR006","alias":"FRANKLIN RD.","category":"CC","direction":"N/S"},"geometry":{"type":"Point","coordinates":[-86.83816837,35.96646602]}},{"type":"Feature","id":"94000196","properties":{"siteId":"94000196","name":"134 - 94000196 - SR106 (LEWISBURG PK.)","county":"Williamson","road":"SR106","alias":"LEWISBURG PK.","category":"CC","direction":"N/S"},"geometry":{"type":"Point","coordinates":[-86.85012555,35.89143193]}},{"type":"Feature","id":"94000211","properties":{"siteId":"94000211","name":"135 - 94000211 - I0840 (I-840)","county":"Williamson","road":"I0840","alias":"I-840","category":"EDL","direction":"E/W"},"geometry":{"type":"Point","coordinates":[-87.1518573,35.9054621]}},{"type":"Feature","id":"94000239","properties":{"siteId":"94000239","name":"136 - 94000239 - I0840 (I-840)","county":"Williamson","road":"I0840","alias":"I-840","category":"EDL","direction":"E/W"},"geometry":{"type":"Point","coordinates":[-86.626296,35.8424864]}},{"type":"Feature","id":"95000063","properties":{"siteId":"95000063","name":"137 - 95000063 - SR010 (MURFREESBORO RD.)","county":"Wilson","road":"SR010","alias":"MURFREESBORO RD.","category":"CC","direction":"N/S"},"geometry":{"type":"Point","coordinates":[-86.33488265,36.09543477]}},{"type":"Feature","id":"95000099","properties":{"siteId":"95000099","name":"138 - 95000099 - SR010 (S. CUMBERLAND ST.)","county":"Wilson","road":"SR010","alias":"S. CUMBERLAND ST.","category":"CC","direction":"N/S"},"geometry":{"type":"Point","coordinates":[-86.29147846,36.20568331]}},{"type":"Feature","id":"95000102","properties":{"siteId":"95000102","name":"139 - 95000102 - SR026 (W. BADDOUR PKWY.)","county":"Wilson","road":"SR026","alias":"W. BADDOUR PKWY.","category":"CC","direction":"E/W"},"geometry":{"type":"Point","coordinates":[-86.31079775,36.21807864]}},{"type":"Feature","id":"95000107","properties":{"siteId":"95000107","name":"140 - 95000107 - SR109 (STATE HWY. 109)","county":"Wilson","road":"SR109","alias":"STATE HWY. 109","category":"CC","direction":"N/S"},"geometry":{"type":"Point","coordinates":[-86.4261499,36.22552538]}},{"type":"Feature","id":"95000115","properties":{"siteId":"95000115","name":"141 - 95000115 - SR026 (PARK AVE.)","county":"Wilson","road":"SR026","alias":"PARK AVE.","category":"CC","direction":"N/S"},"geometry":{"type":"Point","coordinates":[-86.2717663,36.191248]}},{"type":"Feature","id":"95000219","properties":{"siteId":"95000219","name":"142 - 95000219 - SR109 (STATE HWY. 109)","county":"Wilson","road":"SR109","alias":"STATE HWY. 109","category":"CC","direction":"N/S"},"geometry":{"type":"Point","coordinates":[-86.4003178,36.1535556]}},{"type":"Feature","id":"19000002R","properties":{"siteId":"19000002R","name":"1 - 19000002R - I0040 (I-40)","county":"Davidson","road":"I0040","alias":"I-40","category":"RP","direction":"RAMP"},"geometry":{"type":"Point","coordinates":[-86.8963166,36.13253145]}},{"type":"Feature","id":"19000003R","properties":{"siteId":"19000003R","name":"2 - 19000003R - I0040 (I-40)","county":"Davidson","road":"I0040","alias":"I-40","category":"RP","direction":"RAMP"},"geometry":{"type":"Point","coordinates":[-86.89573319,36.13322964]}},{"type":"Feature","id":"19000009R","properties":{"siteId":"19000009R","name":"3 - 19000009R - I0040 (I-40)","county":"Davidson","road":"I0040","alias":"I-40","category":"RP","direction":"RAMP"},"geometry":{"type":"Point","coordinates":[-86.85982557,36.15214564]}},{"type":"Feature","id":"19000016","properties":{"siteId":"19000016","name":"4 - 19000016 - SR045 (OLD HICKORY BLVD.)","county":"Davidson","road":"SR045","alias":"OLD HICKORY BLVD.","category":"CC","direction":"2-WAY"},"geometry":{"type":"Point","coordinates":[-86.8218915,36.2713596]}},{"type":"Feature","id":"19000018R","properties":{"siteId":"19000018R","name":"5 - 19000018R - I0040 (I-40)","county":"Davidson","road":"I0040","alias":"I-40","category":"RP","direction":"RAMP"},"geometry":{"type":"Point","coordinates":[-86.81892709,36.1640778]}},{"type":"Feature","id":"19000019R","properties":{"siteId":"19000019R","name":"6 - 19000019R - I0040 (I-40)","county":"Davidson","road":"I0040","alias":"I-40","category":"RP","direction":"RAMP"},"geometry":{"type":"Point","coordinates":[-86.81502694,36.16765631]}},{"type":"Feature","id":"19000022R","properties":{"siteId":"19000022R","name":"7 - 19000022R - I0040 (I-40)","county":"Davidson","road":"I0040","alias":"I-40","category":"RP","direction":"RAMP"},"geometry":{"type":"Point","coordinates":[-86.80150293,36.17205445]}},{"type":"Feature","id":"19000025R","properties":{"siteId":"19000025R","name":"8 - 19000025R - I0040 (I-40)","county":"Davidson","road":"I0040","alias":"I-40","category":"RP","direction":"RAMP"},"geometry":{"type":"Point","coordinates":[-86.7999555,36.1727291]}},{"type":"Feature","id":"19000030R","properties":{"siteId":"19000030R","name":"9 - 19000030R - I0040 (I-40)","county":"Davidson","road":"I0040","alias":"I-40","category":"RP","direction":"RAMP"},"geometry":{"type":"Point","coordinates":[-86.790864,36.1575698]}},{"type":"Feature","id":"19000031R","properties":{"siteId":"19000031R","name":"10 - 19000031R - I0040 (I-40)","county":"Davidson","road":"I0040","alias":"I-40","category":"RP","direction":"RAMP"},"geometry":{"type":"Point","coordinates":[-86.7898917,36.1562666]}},{"type":"Feature","id":"19000032R","properties":{"siteId":"19000032R","name":"11 - 19000032R - I0040 (I-40)","county":"Davidson","road":"I0040","alias":"I-40","category":"RP","direction":"RAMP"},"geometry":{"type":"Point","coordinates":[-86.7880827,36.1535428]}},{"type":"Feature","id":"19000033R","properties":{"siteId":"19000033R","name":"12 - 19000033R - I0040 (I-40)","county":"Davidson","road":"I0040","alias":"I-40","category":"RP","direction":"RAMP"},"geometry":{"type":"Point","coordinates":[-86.7876521,36.1525983]}},{"type":"Feature","id":"19000035","properties":{"siteId":"19000035","name":"13 - 19000035 - SR012 (ASHLAND CITY HWY.)","county":"Davidson","road":"SR012","alias":"ASHLAND CITY HWY.","category":"CC","direction":"E/W"},"geometry":{"type":"Point","coordinates":[-86.9366915,36.2072767]}},{"type":"Feature","id":"19000042R","properties":{"siteId":"19000042R","name":"14 - 19000042R - I0065 (I0040)","county":"Davidson","road":"I0065","alias":"I0040","category":"RP","direction":"RAMP"},"geometry":{"type":"Point","coordinates":[-86.77772341,36.14799648]}},{"type":"Feature","id":"19000046","properties":{"siteId":"19000046","name":"15 - 19000046 - 03244 (WOODLAND ST.)","county":"Davidson","road":"03244","alias":"WOODLAND ST.","category":"CC","direction":"E/W"},"geometry":{"type":"Point","coordinates":[-86.7761894,36.1675129]}},{"type":"Feature","id":"19000054R","properties":{"siteId":"19000054R","name":"16 - 19000054R - I0040 (I-40)","county":"Davidson","road":"I0040","alias":"I-40","category":"RP","direction":"RAMP"},"geometry":{"type":"Point","coordinates":[-86.75483438,36.15244419]}},{"type":"Feature","id":"19000056R","properties":{"siteId":"19000056R","name":"17 - 19000056R - I0040 (I-40)","county":"Davidson","road":"I0040","alias":"I-40","category":"RP","direction":"RAMP"},"geometry":{"type":"Point","coordinates":[-86.74544202,36.14786285]}},{"type":"Feature","id":"19000057R","properties":{"siteId":"19000057R","name":"18 - 19000057R - I0040 (I-40)","county":"Davidson","road":"I0040","alias":"I-40","category":"RP","direction":"RAMP"},"geometry":{"type":"Point","coordinates":[-86.74427597,36.14797208]}},{"type":"Feature","id":"19000062R","properties":{"siteId":"19000062R","name":"19 - 19000062R - I0024 (I0040)","county":"Davidson","road":"I0024","alias":"I0040","category":"RP","direction":"RAMP"},"geometry":{"type":"Point","coordinates":[-86.72605097,36.13483302]}},{"type":"Feature","id":"19000063R","properties":{"siteId":"19000063R","name":"20 - 19000063R - I0024 (I0040)","county":"Davidson","road":"I0024","alias":"I0040","category":"RP","direction":"RAMP"},"geometry":{"type":"Point","coordinates":[-86.72596443,36.1388243]}},{"type":"Feature","id":"19000064R","properties":{"siteId":"19000064R","name":"21 - 19000064R - I0024 (I0040)","county":"Davidson","road":"I0024","alias":"I0040","category":"RP","direction":"RAMP"},"geometry":{"type":"Point","coordinates":[-86.72683437,36.1382552]}},{"type":"Feature","id":"19000065R","properties":{"siteId":"19000065R","name":"22 - 19000065R - I0024 (I0040)","county":"Davidson","road":"I0024","alias":"I0040","category":"RP","direction":"RAMP"},"geometry":{"type":"Point","coordinates":[-86.72583369,36.13841609]}},{"type":"Feature","id":"19000068R","properties":{"siteId":"19000068R","name":"23 - 19000068R - I0024 (I0040)","county":"Davidson","road":"I0024","alias":"I0040","category":"RP","direction":"RAMP"},"geometry":{"type":"Point","coordinates":[-86.72666059,36.13885716]}},{"type":"Feature","id":"19000069R","properties":{"siteId":"19000069R","name":"24 - 19000069R - I0040 (SR155)","county":"Davidson","road":"I0040","alias":"SR155","category":"RP","direction":"RAMP"},"geometry":{"type":"Point","coordinates":[-86.70008215,36.14355295]}},{"type":"Feature","id":"19000074R","properties":{"siteId":"19000074R","name":"25 - 19000074R - I0040 (SR155)","county":"Davidson","road":"I0040","alias":"SR155","category":"RP","direction":"RAMP"},"geometry":{"type":"Point","coordinates":[-86.69828111,36.14448303]}},{"type":"Feature","id":"19000076R","properties":{"siteId":"19000076R","name":"26 - 19000076R - I0040 (I-40)","county":"Davidson","road":"I0040","alias":"I-40","category":"RP","direction":"RAMP"},"geometry":{"type":"Point","coordinates":[-86.67509014,36.14250338]}},{"type":"Feature","id":"19000077R","properties":{"siteId":"19000077R","name":"27 - 19000077R - I0040 (I-40)","county":"Davidson","road":"I0040","alias":"I-40","category":"RP","direction":"RAMP"},"geometry":{"type":"Point","coordinates":[-86.66792253,36.14096564]}},{"type":"Feature","id":"19000078","properties":{"siteId":"19000078","name":"28 - 19000078 - 03269 (FESSLERS LN. )","county":"Davidson","road":"03269","alias":"FESSLERS LN.","category":"CC","direction":"N/S"},"geometry":{"type":"Point","coordinates":[-86.7429067,36.150655]}},{"type":"Feature","id":"19000078R","properties":{"siteId":"19000078R","name":"29 - 19000078R - I0040 (I-40)","county":"Davidson","road":"I0040","alias":"I-40","category":"RP","direction":"RAMP"},"geometry":{"type":"Point","coordinates":[-86.6650562,36.1407328]}},{"type":"Feature","id":"19000079R","properties":{"siteId":"19000079R","name":"30 - 19000079R - I0040 (I-40)","county":"Davidson","road":"I0040","alias":"I-40","category":"RP","direction":"RAMP"},"geometry":{"type":"Point","coordinates":[-86.6628585,36.1404938]}},{"type":"Feature","id":"19000082R","properties":{"siteId":"19000082R","name":"31 - 19000082R - I0040 (I-40)","county":"Davidson","road":"I0040","alias":"I-40","category":"RP","direction":"RAMP"},"geometry":{"type":"Point","coordinates":[-86.62983672,36.15404155]}},{"type":"Feature","id":"19000083R","properties":{"siteId":"19000083R","name":"32 - 19000083R - I0040 (I-40)","county":"Davidson","road":"I0040","alias":"I-40","category":"RP","direction":"RAMP"},"geometry":{"type":"Point","coordinates":[-86.62598729,36.1567605]}},{"type":"Feature","id":"19000084R","properties":{"siteId":"19000084R","name":"33 - 19000084R - I0040 (I-40)","county":"Davidson","road":"I0040","alias":"I-40","category":"RP","direction":"RAMP"},"geometry":{"type":"Point","coordinates":[-86.62866925,36.1575015]}},{"type":"Feature","id":"19000085R","properties":{"siteId":"19000085R","name":"34 - 19000085R - I0040 (I-40)","county":"Davidson","road":"I0040","alias":"I-40","category":"RP","direction":"RAMP"},"geometry":{"type":"Point","coordinates":[-86.63238521,36.15468233]}},{"type":"Feature","id":"19000086","properties":{"siteId":"19000086","name":"35 - 19000086 - 04167 (ELM HILL PK.)","county":"Davidson","road":"04167","alias":"ELM HILL PK.","category":"CC","direction":"2-WAY"},"geometry":{"type":"Point","coordinates":[-86.74870268,36.14512147]}},{"type":"Feature","id":"19000087R","properties":{"siteId":"19000087R","name":"36 - 19000087R - I0040 (I-40)","county":"Davidson","road":"I0040","alias":"I-40","category":"RP","direction":"RAMP"},"geometry":{"type":"Point","coordinates":[-86.60807214,36.16900374]}},{"type":"Feature","id":"19000091R","properties":{"siteId":"19000091R","name":"37 - 19000091R - I0040 (I-40)","county":"Davidson","road":"I0040","alias":"I-40","category":"RP","direction":"RAMP"},"geometry":{"type":"Point","coordinates":[-86.60289952,36.17045253]}},{"type":"Feature","id":"19000096","properties":{"siteId":"19000096","name":"38 - 19000096 - 0B052 (TRAILS BEGIN N.)","county":"Davidson","road":"0B052","alias":"TRAILS BEGIN N.","category":"CC","direction":"E/W"},"geometry":{"type":"Point","coordinates":[-86.6347164,36.13815554]}},{"type":"Feature","id":"19000096R","properties":{"siteId":"19000096R","name":"39 - 19000096R - I0065 (I-65)","county":"Davidson","road":"I0065","alias":"I-65","category":"RP","direction":"RAMP"},"geometry":{"type":"Point","coordinates":[-86.76510051,36.08077634]}},{"type":"Feature","id":"19000106R","properties":{"siteId":"19000106R","name":"40 - 19000106R - I0065 (I-65)","county":"Davidson","road":"I0065","alias":"I-65","category":"RP","direction":"RAMP"},"geometry":{"type":"Point","coordinates":[-86.77510873,36.13521303]}},{"type":"Feature","id":"19000115","properties":{"siteId":"19000115","name":"41 - 19000115 - 01002 (HARDING PL.)","county":"Davidson","road":"01002","alias":"HARDING PL.","category":"CC","direction":"2-WAY"},"geometry":{"type":"Point","coordinates":[-86.83145568,36.09145544]}},{"type":"Feature","id":"19000119R","properties":{"siteId":"19000119R","name":"42 - 19000119R - I0024 (I-24)","county":"Davidson","road":"I0024","alias":"I-24","category":"RP","direction":"RAMP"},"geometry":{"type":"Point","coordinates":[-86.77124145,36.17560177]}},{"type":"Feature","id":"19000120","properties":{"siteId":"19000120","name":"43 - 19000120 - SR001 (MEMPHIS-BRISTOL HWY.)","county":"Davidson","road":"SR001","alias":"MEMPHIS-BRISTOL HWY.","category":"CC","direction":"2-WAY"},"geometry":{"type":"Point","coordinates":[-86.98517411,36.09163635]}},{"type":"Feature","id":"19000120R","properties":{"siteId":"19000120R","name":"44 - 19000120R - I0024 (I-24)","county":"Davidson","road":"I0024","alias":"I-24","category":"RP","direction":"RAMP"},"geometry":{"type":"Point","coordinates":[-86.77258823,36.1778399]}},{"type":"Feature","id":"19000121","properties":{"siteId":"19000121","name":"45 - 19000121 - 00998 (MCCRORY LN.)","county":"Davidson","road":"00998","alias":"MCCRORY LN.","category":"CC","direction":"2-WAY"},"geometry":{"type":"Point","coordinates":[-87.0253139,36.0859951]}},{"type":"Feature","id":"19000121R","properties":{"siteId":"19000121R","name":"46 - 19000121R - I0024 (I-24)","county":"Davidson","road":"I0024","alias":"I-24","category":"RP","direction":"RAMP"},"geometry":{"type":"Point","coordinates":[-86.7727951,36.17820928]}},{"type":"Feature","id":"19000126R","properties":{"siteId":"19000126R","name":"47 - 19000126R - I0024 (I0065)","county":"Davidson","road":"I0024","alias":"I0065","category":"RP","direction":"RAMP"},"geometry":{"type":"Point","coordinates":[-86.77543223,36.19156628]}},{"type":"Feature","id":"19000127R","properties":{"siteId":"19000127R","name":"48 - 19000127R - I0024 (I0065)","county":"Davidson","road":"I0024","alias":"I0065","category":"RP","direction":"RAMP"},"geometry":{"type":"Point","coordinates":[-86.77698192,36.19145275]}},{"type":"Feature","id":"19000130R","properties":{"siteId":"19000130R","name":"49 - 19000130R - I0065 (I0024)","county":"Davidson","road":"I0065","alias":"I0024","category":"RP","direction":"RAMP"},"geometry":{"type":"Point","coordinates":[-86.7762441,36.19179707]}},{"type":"Feature","id":"19000131R","properties":{"siteId":"19000131R","name":"50 - 19000131R - I0024 (I0065)","county":"Davidson","road":"I0024","alias":"I0065","category":"RP","direction":"RAMP"},"geometry":{"type":"Point","coordinates":[-86.77773247,36.19073774]}},{"type":"Feature","id":"19000136R","properties":{"siteId":"19000136R","name":"51 - 19000136R - I0065 (I-65)","county":"Davidson","road":"I0065","alias":"I-65","category":"RP","direction":"RAMP"},"geometry":{"type":"Point","coordinates":[-86.77665961,36.20831466]}},{"type":"Feature","id":"19000137R","properties":{"siteId":"19000137R","name":"52 - 19000137R - I0065 (I-65)","county":"Davidson","road":"I0065","alias":"I-65","category":"RP","direction":"RAMP"},"geometry":{"type":"Point","coordinates":[-86.77751809,36.20733917]}},{"type":"Feature","id":"19000139R","properties":{"siteId":"19000139R","name":"53 - 19000139R - I0065 (I-65)","county":"Davidson","road":"I0065","alias":"I-65","category":"RP","direction":"RAMP"},"geometry":{"type":"Point","coordinates":[-86.77724713,36.20502597]}},{"type":"Feature","id":"19000152R","properties":{"siteId":"19000152R","name":"54 - 19000152R - I0065 (I-65)","county":"Davidson","road":"I0065","alias":"I-65","category":"RP","direction":"RAMP"},"geometry":{"type":"Point","coordinates":[-86.75309823,36.24233375]}},{"type":"Feature","id":"19000154","properties":{"siteId":"19000154","name":"55 - 19000154 - 03266 (N. 1ST. ST.)","county":"Davidson","road":"03266","alias":"N. 1ST. ST.","category":"CC","direction":"2-WAY"},"geometry":{"type":"Point","coordinates":[-86.77403678,36.17359537]}},{"type":"Feature","id":"19000155","properties":{"siteId":"19000155","name":"56 - 19000155 - 0C324 (1ST AVE. N.)","county":"Davidson","road":"0C324","alias":"1ST AVE. N.","category":"CC","direction":"2-WAY"},"geometry":{"type":"Point","coordinates":[-86.77566853,36.16429868]}},{"type":"Feature","id":"19000165R","properties":{"siteId":"19000165R","name":"57 - 19000165R - I0024 (SR155)","county":"Davidson","road":"I0024","alias":"SR155","category":"RP","direction":"RAMP"},"geometry":{"type":"Point","coordinates":[-86.78476192,36.23644359]}},{"type":"Feature","id":"19000166R","properties":{"siteId":"19000166R","name":"58 - 19000166R - I0024 (SR155)","county":"Davidson","road":"I0024","alias":"SR155","category":"RP","direction":"RAMP"},"geometry":{"type":"Point","coordinates":[-86.78441498,36.23770581]}},{"type":"Feature","id":"19000169R","properties":{"siteId":"19000169R","name":"59 - 19000169R - I0024 (SR155)","county":"Davidson","road":"I0024","alias":"SR155","category":"RP","direction":"RAMP"},"geometry":{"type":"Point","coordinates":[-86.78865007,36.23699486]}},{"type":"Feature","id":"19000170R","properties":{"siteId":"19000170R","name":"60 - 19000170R - I0024 (SR155)","county":"Davidson","road":"I0024","alias":"SR155","category":"RP","direction":"RAMP"},"geometry":{"type":"Point","coordinates":[-86.78672683,36.23679648]}},{"type":"Feature","id":"19000177R","properties":{"siteId":"19000177R","name":"61 - 19000177R - I0440 (I-24)","county":"Davidson","road":"I0440","alias":"I-24","category":"RP","direction":"RAMP"},"geometry":{"type":"Point","coordinates":[-86.7272599,36.1280307]}},{"type":"Feature","id":"19000182R","properties":{"siteId":"19000182R","name":"62 - 19000182R - I0024 (I-24)","county":"Davidson","road":"I0024","alias":"I-24","category":"RP","direction":"RAMP"},"geometry":{"type":"Point","coordinates":[-86.72213783,36.10851236]}},{"type":"Feature","id":"19000190R","properties":{"siteId":"19000190R","name":"63 - 19000190R - I0024 (I-24)","county":"Davidson","road":"I0024","alias":"I-24","category":"RP","direction":"RAMP"},"geometry":{"type":"Point","coordinates":[-86.69979557,36.08681045]}},{"type":"Feature","id":"19000210","properties":{"siteId":"19000210","name":"64 - 19000210 - 03268 (BRICK CHURCH PK.)","county":"Davidson","road":"03268","alias":"BRICK CHURCH PK.","category":"CC","direction":"N/S"},"geometry":{"type":"Point","coordinates":[-86.7793297,36.2137962]}},{"type":"Feature","id":"19000210R","properties":{"siteId":"19000210R","name":"65 - 19000210R - I0040 (I-40)","county":"Davidson","road":"I0040","alias":"I-40","category":"RP","direction":"RAMP"},"geometry":{"type":"Point","coordinates":[-86.95826895,36.0807665]}},{"type":"Feature","id":"19000215","properties":{"siteId":"19000215","name":"66 - 19000215 - 01004 (OLD HICKORY BLVD.)","county":"Davidson","road":"01004","alias":"OLD HICKORY BLVD.","category":"CC","direction":"2-WAY"},"geometry":{"type":"Point","coordinates":[-86.5976441,36.1642942]}},{"type":"Feature","id":"19000218R","properties":{"siteId":"19000218R","name":"67 - 19000218R - I0065 (I-65)","county":"Davidson","road":"I0065","alias":"I-65","category":"RP","direction":"RAMP"},"geometry":{"type":"Point","coordinates":[-86.78190343,36.04064763]}},{"type":"Feature","id":"19000219R","properties":{"siteId":"19000219R","name":"68 - 19000219R - I0065 (I-65)","county":"Davidson","road":"I0065","alias":"I-65","category":"RP","direction":"RAMP"},"geometry":{"type":"Point","coordinates":[-86.7816138,36.0412657]}},{"type":"Feature","id":"19000225R","properties":{"siteId":"19000225R","name":"69 - 19000225R - I0040 (I-40)","county":"Davidson","road":"I0040","alias":"I-40","category":"RP","direction":"RAMP"},"geometry":{"type":"Point","coordinates":[-86.71992567,36.14105142]}},{"type":"Feature","id":"19000226R","properties":{"siteId":"19000226R","name":"70 - 19000226R - I0024 (I-24)","county":"Davidson","road":"I0024","alias":"I-24","category":"RP","direction":"RAMP"},"geometry":{"type":"Point","coordinates":[-86.77079032,36.17530621]}},{"type":"Feature","id":"19000249","properties":{"siteId":"19000249","name":"71 - 19000249 - 0B013 (ALVIN SPERRY RD.)","county":"Davidson","road":"0B013","alias":"ALVIN SPERRY RD.","category":"CC","direction":"2-WAY"},"geometry":{"type":"Point","coordinates":[-86.55561146,36.14323338]}},{"type":"Feature","id":"19000256R","properties":{"siteId":"19000256R","name":"72 - 19000256R - I0440 (I-440)","county":"Davidson","road":"I0440","alias":"I-440","category":"RP","direction":"RAMP"},"geometry":{"type":"Point","coordinates":[-86.8233603,36.1412496]}},{"type":"Feature","id":"19000257R","properties":{"siteId":"19000257R","name":"73 - 19000257R - I0440 (I-40)","county":"Davidson","road":"I0440","alias":"I-40","category":"RP","direction":"RAMP"},"geometry":{"type":"Point","coordinates":[-86.82243892,36.14167611]}},{"type":"Feature","id":"19000258R","properties":{"siteId":"19000258R","name":"74 - 19000258R - I0440 (I-440)","county":"Davidson","road":"I0440","alias":"I-440","category":"RP","direction":"RAMP"},"geometry":{"type":"Point","coordinates":[-86.8220201,36.1382157]}},{"type":"Feature","id":"19000259R","properties":{"siteId":"19000259R","name":"75 - 19000259R - I0440 (I-440)","county":"Davidson","road":"I0440","alias":"I-440","category":"RP","direction":"RAMP"},"geometry":{"type":"Point","coordinates":[-86.8224617,36.1375591]}},{"type":"Feature","id":"19000260R","properties":{"siteId":"19000260R","name":"76 - 19000260R - I0440 (I-440)","county":"Davidson","road":"I0440","alias":"I-440","category":"RP","direction":"RAMP"},"geometry":{"type":"Point","coordinates":[-86.8198378,36.1349755]}},{"type":"Feature","id":"19000261R","properties":{"siteId":"19000261R","name":"77 - 19000261R - I0440 (I-440)","county":"Davidson","road":"I0440","alias":"I-440","category":"RP","direction":"RAMP"},"geometry":{"type":"Point","coordinates":[-86.82066383,36.13516638]}},{"type":"Feature","id":"19000262R","properties":{"siteId":"19000262R","name":"78 - 19000262R - I0440 (I-440)","county":"Davidson","road":"I0440","alias":"I-440","category":"RP","direction":"RAMP"},"geometry":{"type":"Point","coordinates":[-86.82118345,36.13493279]}},{"type":"Feature","id":"19000263R","properties":{"siteId":"19000263R","name":"79 - 19000263R - I0440 (I-440)","county":"Davidson","road":"I0440","alias":"I-440","category":"RP","direction":"RAMP"},"geometry":{"type":"Point","coordinates":[-86.80870319,36.12427199]}},{"type":"Feature","id":"19000264R","properties":{"siteId":"19000264R","name":"80 - 19000264R - I0440 (I-440)","county":"Davidson","road":"I0440","alias":"I-440","category":"RP","direction":"RAMP"},"geometry":{"type":"Point","coordinates":[-86.8027008,36.1207438]}},{"type":"Feature","id":"19000265R","properties":{"siteId":"19000265R","name":"81 - 19000265R - I0440 (I-440)","county":"Davidson","road":"I0440","alias":"I-440","category":"RP","direction":"RAMP"},"geometry":{"type":"Point","coordinates":[-86.8121962,36.1240569]}},{"type":"Feature","id":"19000266R","properties":{"siteId":"19000266R","name":"82 - 19000266R - I0440 (I-440)","county":"Davidson","road":"I0440","alias":"I-440","category":"RP","direction":"RAMP"},"geometry":{"type":"Point","coordinates":[-86.8050295,36.1217817]}},{"type":"Feature","id":"19000278R","properties":{"siteId":"19000278R","name":"83 - 19000278R - I0065 (I-65)","county":"Davidson","road":"I0065","alias":"I-65","category":"RP","direction":"RAMP"},"geometry":{"type":"Point","coordinates":[-86.79677566,36.18514196]}},{"type":"Feature","id":"19000294","properties":{"siteId":"19000294","name":"84 - 19000294 - SR255 (HARDING PL.)","county":"Davidson","road":"SR255","alias":"HARDING PL.","category":"CC","direction":"E/W"},"geometry":{"type":"Point","coordinates":[-86.71596038,36.08094164]}},{"type":"Feature","id":"19000295","properties":{"siteId":"19000295","name":"85 - 19000295 - SR255 (HARDING PL.)","county":"Davidson","road":"SR255","alias":"HARDING PL.","category":"CC","direction":"E/W"},"geometry":{"type":"Point","coordinates":[-86.6947527,36.0867898]}},{"type":"Feature","id":"19000298","properties":{"siteId":"19000298","name":"86 - 19000298 - 03252 (GALLATIN AVE.)","county":"Davidson","road":"03252","alias":"GALLATIN AVE.","category":"CC","direction":"N/S"},"geometry":{"type":"Point","coordinates":[-86.7491879,36.1818711]}},{"type":"Feature","id":"19000307","properties":{"siteId":"19000307","name":"87 - 19000307 - SR255 (DONELSON PK.)","county":"Davidson","road":"SR255","alias":"DONELSON PK.","category":"CC","direction":"N/S"},"geometry":{"type":"Point","coordinates":[-86.6648671,36.1378997]}},{"type":"Feature","id":"19000308","properties":{"siteId":"19000308","name":"88 - 19000308 - 03246 (2ND AVE. S.)","county":"Davidson","road":"03246","alias":"2ND AVE. S.","category":"CC","direction":"2-WAY"},"geometry":{"type":"Point","coordinates":[-86.7736219,36.159455]}},{"type":"Feature","id":"19000320","properties":{"siteId":"19000320","name":"89 - 19000320 - SR255 (DONELSON PK.)","county":"Davidson","road":"SR255","alias":"DONELSON PK.","category":"CC","direction":"N/S"},"geometry":{"type":"Point","coordinates":[-86.6667233,36.1433906]}},{"type":"Feature","id":"19000323","properties":{"siteId":"19000323","name":"90 - 19000323 - SR024 (CHARLOTTE AVE.)","county":"Davidson","road":"SR024","alias":"CHARLOTTE AVE.","category":"CC","direction":"E/W"},"geometry":{"type":"Point","coordinates":[-86.7946418,36.1603427]}},{"type":"Feature","id":"19000325","properties":{"siteId":"19000325","name":"91 - 19000325 - SR001 (BROADWAY)","county":"Davidson","road":"SR001","alias":"BROADWAY","category":"CC","direction":"E/W"},"geometry":{"type":"Point","coordinates":[-86.79156223,36.1548656]}},{"type":"Feature","id":"19000339","properties":{"siteId":"19000339","name":"92 - 19000339 - SR012 (ROSA L. PARKS BLVD.)","county":"Davidson","road":"SR012","alias":"ROSA L. PARKS BLVD.","category":"CC","direction":"N/S"},"geometry":{"type":"Point","coordinates":[-86.7984881,36.1874233]}},{"type":"Feature","id":"19000346","properties":{"siteId":"19000346","name":"93 - 19000346 - 01395 (STEWARTS FERRY PK.)","county":"Davidson","road":"01395","alias":"STEWARTS FERRY PK.","category":"CC","direction":"N/S"},"geometry":{"type":"Point","coordinates":[-86.6261478,36.1544312]}},{"type":"Feature","id":"19000348","properties":{"siteId":"19000348","name":"94 - 19000348 - SR251 (OLD HICKORY BLVD.)","county":"Davidson","road":"SR251","alias":"OLD HICKORY BLVD.","category":"CC","direction":"N/S"},"geometry":{"type":"Point","coordinates":[-86.9247519,36.0988214]}},{"type":"Feature","id":"19000349","properties":{"siteId":"19000349","name":"95 - 19000349 - 01011 (BELL RD.)","county":"Davidson","road":"01011","alias":"BELL RD.","category":"CC","direction":"N/S"},"geometry":{"type":"Point","coordinates":[-86.6263809,36.14434033]}},{"type":"Feature","id":"19000350","properties":{"siteId":"19000350","name":"96 - 19000350 - 04845 (OLD HICKORY BLVD.)","county":"Davidson","road":"04845","alias":"OLD HICKORY BLVD.","category":"CC","direction":"2-WAY"},"geometry":{"type":"Point","coordinates":[-86.6474664,36.00142528]}},{"type":"Feature","id":"19000351","properties":{"siteId":"19000351","name":"97 - 19000351 - 01002 (HARDING PL.)","county":"Davidson","road":"01002","alias":"HARDING PL.","category":"CC","direction":"2-WAY"},"geometry":{"type":"Point","coordinates":[-86.86558281,36.09926216]}},{"type":"Feature","id":"19000357R","properties":{"siteId":"19000357R","name":"98 - 19000357R - SR386 (SR386)","county":"Davidson","road":"SR386","alias":"SR386","category":"RP","direction":"RAMP"},"geometry":{"type":"Point","coordinates":[-86.69078029,36.30926823]}},{"type":"Feature","id":"19000358R","properties":{"siteId":"19000358R","name":"99 - 19000358R - SR386 (SR386)","county":"Davidson","road":"SR386","alias":"SR386","category":"RP","direction":"RAMP"},"geometry":{"type":"Point","coordinates":[-86.69477766,36.30899994]}},{"type":"Feature","id":"19000359R","properties":{"siteId":"19000359R","name":"100 - 19000359R - SR386 (SR386)","county":"Davidson","road":"SR386","alias":"SR386","category":"RP","direction":"RAMP"},"geometry":{"type":"Point","coordinates":[-86.69609465,36.30868732]}},{"type":"Feature","id":"19000360R","properties":{"siteId":"19000360R","name":"101 - 19000360R - SR386 (SR386)","county":"Davidson","road":"SR386","alias":"SR386","category":"RP","direction":"RAMP"},"geometry":{"type":"Point","coordinates":[-86.69829488,36.30773924]}},{"type":"Feature","id":"19000373","properties":{"siteId":"19000373","name":"102 - 19000373 - 01011 (BELL RD.)","county":"Davidson","road":"01011","alias":"BELL RD.","category":"CC","direction":"N/S"},"geometry":{"type":"Point","coordinates":[-86.63476833,36.07706947]}},{"type":"Feature","id":"19000374","properties":{"siteId":"19000374","name":"103 - 19000374 - 0B013 (STEWARTS FERRY PK.)","county":"Davidson","road":"0B013","alias":"STEWARTS FERRY PK.","category":"CC","direction":"2-WAY"},"geometry":{"type":"Point","coordinates":[-86.58163624,36.14319113]}},{"type":"Feature","id":"19000377","properties":{"siteId":"19000377","name":"104 - 19000377 - 03289 (EDMONDSON PK.)","county":"Davidson","road":"03289","alias":"EDMONDSON PK.","category":"CC","direction":"E/W"},"geometry":{"type":"Point","coordinates":[-86.73130135,36.0744971]}},{"type":"Feature","id":"19000379R","properties":{"siteId":"19000379R","name":"105 - 19000379R - I0040 (SR155)","county":"Davidson","road":"I0040","alias":"SR155","category":"RP","direction":"RAMP"},"geometry":{"type":"Point","coordinates":[-86.85905393,36.15640226]}},{"type":"Feature","id":"19000381","properties":{"siteId":"19000381","name":"106 - 19000381 - 04913 (DEMONBREUN ST.)","county":"Davidson","road":"04913","alias":"DEMONBREUN ST.","category":"CC","direction":"2-WAY"},"geometry":{"type":"Point","coordinates":[-86.78022877,36.1571498]}},{"type":"Feature","id":"19000381R","properties":{"siteId":"19000381R","name":"107 - 19000381R - I0040 (SR155)","county":"Davidson","road":"I0040","alias":"SR155","category":"RP","direction":"RAMP"},"geometry":{"type":"Point","coordinates":[-86.6996183,36.14360455]}},{"type":"Feature","id":"19000382","properties":{"siteId":"19000382","name":"108 - 19000382 - 03268 (BRICK CHURCH PK.)","county":"Davidson","road":"03268","alias":"BRICK CHURCH PK.","category":"CC","direction":"2-WAY"},"geometry":{"type":"Point","coordinates":[-86.7763329,36.2737652]}},{"type":"Feature","id":"19000382R","properties":{"siteId":"19000382R","name":"109 - 19000382R - I0040 (SR155)","county":"Davidson","road":"I0040","alias":"SR155","category":"RP","direction":"RAMP"},"geometry":{"type":"Point","coordinates":[-86.69415658,36.14535364]}},{"type":"Feature","id":"19000389","properties":{"siteId":"19000389","name":"110 - 19000389 - 04915 (CLEVELAND ST.)","county":"Davidson","road":"04915","alias":"CLEVELAND ST.","category":"CC","direction":"E/W"},"geometry":{"type":"Point","coordinates":[-86.7610698,36.1854948]}},{"type":"Feature","id":"19000390","properties":{"siteId":"19000390","name":"111 - 19000390 - 0E224 (2ND AVE. N.)","county":"Davidson","road":"0E224","alias":"2ND AVE. N.","category":"CC","direction":"N/S"},"geometry":{"type":"Point","coordinates":[-86.7840479,36.17593]}},{"type":"Feature","id":"19000395","properties":{"siteId":"19000395","name":"112 - 19000395 - 0D396 (CLAY ST.)","county":"Davidson","road":"0D396","alias":"CLAY ST.","category":"CC","direction":"2-WAY"},"geometry":{"type":"Point","coordinates":[-86.80824089,36.18365562]}},{"type":"Feature","id":"19000402","properties":{"siteId":"19000402","name":"113 - 19000402 - 03250 (WOODMONT BLVD.)","county":"Davidson","road":"03250","alias":"WOODMONT BLVD.","category":"CC","direction":"2-WAY"},"geometry":{"type":"Point","coordinates":[-86.79799947,36.11289137]}},{"type":"Feature","id":"19000405","properties":{"siteId":"19000405","name":"114 - 19000405 - SR254 (OLD HICKORY BLVD.)","county":"Davidson","road":"SR254","alias":"OLD HICKORY BLVD.","category":"CC","direction":"E/W"},"geometry":{"type":"Point","coordinates":[-86.7351168,36.039102]}},{"type":"Feature","id":"19000406","properties":{"siteId":"19000406","name":"115 - 19000406 - SR106 (HILLSBORO PK.)","county":"Davidson","road":"SR106","alias":"HILLSBORO PK.","category":"CC","direction":"N/S"},"geometry":{"type":"Point","coordinates":[-86.8302073,36.0891365]}},{"type":"Feature","id":"19000407","properties":{"siteId":"19000407","name":"116 - 19000407 - 04881 (CHICKERING RD.)","county":"Davidson","road":"04881","alias":"CHICKERING RD.","category":"CC","direction":"2-WAY"},"geometry":{"type":"Point","coordinates":[-86.8747598,36.0584806]}},{"type":"Feature","id":"19000410","properties":{"siteId":"19000410","name":"117 - 19000410 - 03241 (DR. MARTIN LUTHER KING JR. BLVD.)","county":"Davidson","road":"03241","alias":"DR. MARTIN LUTHER KING JR. BLVD.","category":"CC","direction":"E/W"},"geometry":{"type":"Point","coordinates":[-86.785176,36.1644601]}},{"type":"Feature","id":"19000418R","properties":{"siteId":"19000418R","name":"118 - 19000418R - SR155 (SR155)","county":"Davidson","road":"SR155","alias":"SR155","category":"RP","direction":"RAMP"},"geometry":{"type":"Point","coordinates":[-86.75879895,36.24199799]}},{"type":"Feature","id":"19000419","properties":{"siteId":"19000419","name":"119 - 19000419 - 03274 (9TH AVE. N.)","county":"Davidson","road":"03274","alias":"9TH AVE. N.","category":"CC","direction":"2-WAY"},"geometry":{"type":"Point","coordinates":[-86.7833983,36.159615]}},{"type":"Feature","id":"19000419R","properties":{"siteId":"19000419R","name":"120 - 19000419R - I0065 (I-65)","county":"Davidson","road":"I0065","alias":"I-65","category":"RP","direction":"RAMP"},"geometry":{"type":"Point","coordinates":[-86.75493678,36.24231855]}},{"type":"Feature","id":"19000420R","properties":{"siteId":"19000420R","name":"121 - 19000420R - SR155 (SR155)","county":"Davidson","road":"SR155","alias":"SR155","category":"RP","direction":"RAMP"},"geometry":{"type":"Point","coordinates":[-86.75634194,36.24162158]}},{"type":"Feature","id":"19000421","properties":{"siteId":"19000421","name":"122 - 19000421 - 03267 (FERN AVE.)","county":"Davidson","road":"03267","alias":"FERN AVE.","category":"CC","direction":"2-WAY"},"geometry":{"type":"Point","coordinates":[-86.7753266,36.1955247]}},{"type":"Feature","id":"19000422","properties":{"siteId":"19000422","name":"123 - 19000422 - 03262 (3RD AVE. N.)","county":"Davidson","road":"03262","alias":"3RD AVE. N.","category":"CC","direction":"2-WAY"},"geometry":{"type":"Point","coordinates":[-86.7916111,36.1853776]}},{"type":"Feature","id":"19000423","properties":{"siteId":"19000423","name":"124 - 19000423 - SR024 (14TH AVE. N.)","county":"Davidson","road":"SR024","alias":"14TH AVE. N.","category":"CC","direction":"1-WAY"},"geometry":{"type":"Point","coordinates":[-86.7914088,36.1577349]}},{"type":"Feature","id":"19000424R","properties":{"siteId":"19000424R","name":"125 - 19000424R - I0040 (I-40)","county":"Davidson","road":"I0040","alias":"I-40","category":"RP","direction":"RAMP"},"geometry":{"type":"Point","coordinates":[-87.02125274,36.0766979]}},{"type":"Feature","id":"19000425R","properties":{"siteId":"19000425R","name":"126 - 19000425R - I0040 (I-40)","county":"Davidson","road":"I0040","alias":"I-40","category":"RP","direction":"RAMP"},"geometry":{"type":"Point","coordinates":[-87.01788087,36.07674817]}},{"type":"Feature","id":"19000426R","properties":{"siteId":"19000426R","name":"127 - 19000426R - I0040 (I-40)","county":"Davidson","road":"I0040","alias":"I-40","category":"RP","direction":"RAMP"},"geometry":{"type":"Point","coordinates":[-87.0192275,36.07741586]}},{"type":"Feature","id":"19000427","properties":{"siteId":"19000427","name":"128 - 19000427 - SR251 (RIVER ROAD PK.)","county":"Davidson","road":"SR251","alias":"RIVER ROAD PK.","category":"CC","direction":"N/S"},"geometry":{"type":"Point","coordinates":[-86.94481108,36.13887219]}},{"type":"Feature","id":"19000427R","properties":{"siteId":"19000427R","name":"129 - 19000427R - I0040 (I-40)","county":"Davidson","road":"I0040","alias":"I-40","category":"RP","direction":"RAMP"},"geometry":{"type":"Point","coordinates":[-87.02345604,36.07737006]}},{"type":"Feature","id":"19000428","properties":{"siteId":"19000428","name":"130 - 19000428 - SR065 (WHITES CREEK PK.)","county":"Davidson","road":"SR065","alias":"WHITES CREEK PK.","category":"CC","direction":"N/S"},"geometry":{"type":"Point","coordinates":[-86.86692484,36.31948318]}},{"type":"Feature","id":"19000428R","properties":{"siteId":"19000428R","name":"131 - 19000428R - I0024 (I-24)","county":"Davidson","road":"I0024","alias":"I-24","category":"RP","direction":"RAMP"},"geometry":{"type":"Point","coordinates":[-86.8711355,36.3236124]}},{"type":"Feature","id":"19000429R","properties":{"siteId":"19000429R","name":"132 - 19000429R - I0024 (I-24)","county":"Davidson","road":"I0024","alias":"I-24","category":"RP","direction":"RAMP"},"geometry":{"type":"Point","coordinates":[-86.87006229,36.3237244]}},{"type":"Feature","id":"19000430","properties":{"siteId":"19000430","name":"133 - 19000430 - SR045 (OLD HICKORY BLVD.)","county":"Davidson","road":"SR045","alias":"OLD HICKORY BLVD.","category":"CC","direction":"N/S"},"geometry":{"type":"Point","coordinates":[-86.6190534,36.1950841]}},{"type":"Feature","id":"19000430R","properties":{"siteId":"19000430R","name":"134 - 19000430R - I0024 (I-24)","county":"Davidson","road":"I0024","alias":"I-24","category":"RP","direction":"RAMP"},"geometry":{"type":"Point","coordinates":[-86.86546289,36.32475266]}},{"type":"Feature","id":"19000431","properties":{"siteId":"19000431","name":"135 - 19000431 - SR255 (HARDING PL.)","county":"Davidson","road":"SR255","alias":"HARDING PL.","category":"CC","direction":"E/W"},"geometry":{"type":"Point","coordinates":[-86.6909335,36.0880346]}},{"type":"Feature","id":"19000431R","properties":{"siteId":"19000431R","name":"136 - 19000431R - I0024 (I-24)","county":"Davidson","road":"I0024","alias":"I-24","category":"RP","direction":"RAMP"},"geometry":{"type":"Point","coordinates":[-86.87102295,36.32526257]}},{"type":"Feature","id":"19000432","properties":{"siteId":"19000432","name":"137 - 19000432 - SR024 (LEBANON PK.)","county":"Davidson","road":"SR024","alias":"LEBANON PK.","category":"CC","direction":"E/W"},"geometry":{"type":"Point","coordinates":[-86.73559057,36.15398]}},{"type":"Feature","id":"19000432R","properties":{"siteId":"19000432R","name":"138 - 19000432R - I0024 (I-24)","county":"Davidson","road":"I0024","alias":"I-24","category":"RP","direction":"RAMP"},"geometry":{"type":"Point","coordinates":[-86.80173175,36.27817266]}},{"type":"Feature","id":"19000433","properties":{"siteId":"19000433","name":"139 - 19000433 - 0D257 (COUNTY HOSPITAL RD.)","county":"Davidson","road":"0D257","alias":"COUNTY HOSPITAL RD.","category":"CC","direction":"E/W"},"geometry":{"type":"Point","coordinates":[-86.84162993,36.18572009]}},{"type":"Feature","id":"19000433R","properties":{"siteId":"19000433R","name":"140 - 19000433R - I0024 (I-24)","county":"Davidson","road":"I0024","alias":"I-24","category":"RP","direction":"RAMP"},"geometry":{"type":"Point","coordinates":[-86.79994165,36.27598262]}},{"type":"Feature","id":"19000434","properties":{"siteId":"19000434","name":"141 - 19000434 - SR100 (STATE HWY. 100)","county":"Davidson","road":"SR100","alias":"STATE HWY. 100","category":"CC","direction":"N/S"},"geometry":{"type":"Point","coordinates":[-86.9622074,36.0401718]}},{"type":"Feature","id":"19000434R","properties":{"siteId":"19000434R","name":"142 - 19000434R - I0024 (I-24)","county":"Davidson","road":"I0024","alias":"I-24","category":"RP","direction":"RAMP"},"geometry":{"type":"Point","coordinates":[-86.7977845,36.2755501]}},{"type":"Feature","id":"19000435","properties":{"siteId":"19000435","name":"143 - 19000435 - SR065 (WHITES CREEK PK.)","county":"Davidson","road":"SR065","alias":"WHITES CREEK PK.","category":"CC","direction":"N/S"},"geometry":{"type":"Point","coordinates":[-86.83263987,36.27418422]}},{"type":"Feature","id":"19000435R","properties":{"siteId":"19000435R","name":"144 - 19000435R - I0024 (I-24)","county":"Davidson","road":"I0024","alias":"I-24","category":"RP","direction":"RAMP"},"geometry":{"type":"Point","coordinates":[-86.80004441,36.27811732]}},{"type":"Feature","id":"19000439R","properties":{"siteId":"19000439R","name":"145 - 19000439R - I0040 (I0065)","county":"Davidson","road":"I0040","alias":"I0065","category":"RP","direction":"RAMP"},"geometry":{"type":"Point","coordinates":[-86.80092946,36.17687372]}},{"type":"Feature","id":"19000440","properties":{"siteId":"19000440","name":"146 - 19000440 - SR024 (LEBANON PK.)","county":"Davidson","road":"SR024","alias":"LEBANON PK.","category":"CC","direction":"E/W"},"geometry":{"type":"Point","coordinates":[-86.61820926,36.20072598]}},{"type":"Feature","id":"19000440R","properties":{"siteId":"19000440R","name":"147 - 19000440R - SR155 (SR155)","county":"Davidson","road":"SR155","alias":"SR155","category":"RP","direction":"RAMP"},"geometry":{"type":"Point","coordinates":[-86.7492002,36.240675]}},{"type":"Feature","id":"19000443","properties":{"siteId":"19000443","name":"148 - 19000443 - 04171 (NEELYS BEND RD.)","county":"Davidson","road":"04171","alias":"NEELYS BEND RD.","category":"CC","direction":"2-WAY"},"geometry":{"type":"Point","coordinates":[-86.6897072,36.25080474]}},{"type":"Feature","id":"19000445R","properties":{"siteId":"19000445R","name":"149 - 19000445R - I0040 (I-40)","county":"Davidson","road":"I0040","alias":"I-40","category":"RP","direction":"RAMP"},"geometry":{"type":"Point","coordinates":[-86.8581104,36.15377108]}},{"type":"Feature","id":"19000446","properties":{"siteId":"19000446","name":"150 - 19000446 - SR065 (WHITES CREEK PK.)","county":"Davidson","road":"SR065","alias":"WHITES CREEK PK.","category":"CC","direction":"E/W"},"geometry":{"type":"Point","coordinates":[-86.79454647,36.20869746]}},{"type":"Feature","id":"19000447R","properties":{"siteId":"19000447R","name":"151 - 19000447R - SR155 (SR155)","county":"Davidson","road":"SR155","alias":"SR155","category":"RP","direction":"RAMP"},"geometry":{"type":"Point","coordinates":[-86.78003002,36.23786207]}},{"type":"Feature","id":"19000448R","properties":{"siteId":"19000448R","name":"152 - 19000448R - SR155 (SR155)","county":"Davidson","road":"SR155","alias":"SR155","category":"RP","direction":"RAMP"},"geometry":{"type":"Point","coordinates":[-86.77969974,36.23805712]}},{"type":"Feature","id":"19000454","properties":{"siteId":"19000454","name":"153 - 19000454 - 04169 (ANTIOCH PK.)","county":"Davidson","road":"04169","alias":"ANTIOCH PK.","category":"CC","direction":"N/S"},"geometry":{"type":"Point","coordinates":[-86.6821968,36.0739078]}},{"type":"Feature","id":"19000459","properties":{"siteId":"19000459","name":"154 - 19000459 - SR254 (BELL RD.)","county":"Davidson","road":"SR254","alias":"BELL RD.","category":"CC","direction":"N/S"},"geometry":{"type":"Point","coordinates":[-86.6569976,36.0467754]}},{"type":"Feature","id":"19000463","properties":{"siteId":"19000463","name":"155 - 19000463 - SR001 (MURFREESBORO RD.)","county":"Davidson","road":"SR001","alias":"MURFREESBORO RD.","category":"CC","direction":"N/S"},"geometry":{"type":"Point","coordinates":[-86.6246863,36.061358]}},{"type":"Feature","id":"19000464","properties":{"siteId":"19000464","name":"156 - 19000464 - SR001 (MURFREESBORO RD.)","county":"Davidson","road":"SR001","alias":"MURFREESBORO RD.","category":"CC","direction":"E/W"},"geometry":{"type":"Point","coordinates":[-86.7140683,36.1290327]}},{"type":"Feature","id":"19000465","properties":{"siteId":"19000465","name":"157 - 19000465 - SR024 (CHARLOTTE PK.)","county":"Davidson","road":"SR024","alias":"CHARLOTTE PK.","category":"CC","direction":"E/W"},"geometry":{"type":"Point","coordinates":[-86.8642812,36.1489036]}},{"type":"Feature","id":"19000467","properties":{"siteId":"19000467","name":"158 - 19000467 - SR255 (DONELSON PK.)","county":"Davidson","road":"SR255","alias":"DONELSON PK.","category":"CC","direction":"N/S"},"geometry":{"type":"Point","coordinates":[-86.6766696,36.0997403]}},{"type":"Feature","id":"19000469","properties":{"siteId":"19000469","name":"159 - 19000469 - 03289 (EDMONDSON PK.)","county":"Davidson","road":"03289","alias":"EDMONDSON PK.","category":"CC","direction":"2-WAY"},"geometry":{"type":"Point","coordinates":[-86.74349338,36.03649909]}},{"type":"Feature","id":"19000470","properties":{"siteId":"19000470","name":"160 - 19000470 - SR100 (STATE HWY. 100)","county":"Davidson","road":"SR100","alias":"STATE HWY. 100","category":"CC","direction":"E/W"},"geometry":{"type":"Point","coordinates":[-86.90720806,36.06161449]}},{"type":"Feature","id":"19000473","properties":{"siteId":"19000473","name":"161 - 19000473 - SR001 (WEST END AVE.)","county":"Davidson","road":"SR001","alias":"WEST END AVE.","category":"CC","direction":"E/W"},"geometry":{"type":"Point","coordinates":[-86.8243581,36.1349349]}},{"type":"Feature","id":"19000473R","properties":{"siteId":"19000473R","name":"162 - 19000473R - SR155 (SR155)","county":"Davidson","road":"SR155","alias":"SR155","category":"RP","direction":"RAMP"},"geometry":{"type":"Point","coordinates":[-86.8699958,36.17237275]}},{"type":"Feature","id":"19000474","properties":{"siteId":"19000474","name":"163 - 19000474 - SR106 (HILLSBORO PK.)","county":"Davidson","road":"SR106","alias":"HILLSBORO PK.","category":"CC","direction":"N/S"},"geometry":{"type":"Point","coordinates":[-86.80947855,36.11869084]}},{"type":"Feature","id":"19000474R","properties":{"siteId":"19000474R","name":"164 - 19000474R - SR155 (SR155)","county":"Davidson","road":"SR155","alias":"SR155","category":"RP","direction":"RAMP"},"geometry":{"type":"Point","coordinates":[-86.86968957,36.17031412]}},{"type":"Feature","id":"19000476","properties":{"siteId":"19000476","name":"165 - 19000476 - 0A999 (JOHN A. MERRITT BLVD.)","county":"Davidson","road":"0A999","alias":"JOHN A. MERRITT BLVD.","category":"CC","direction":"2-WAY"},"geometry":{"type":"Point","coordinates":[-86.8217191,36.16796942]}},{"type":"Feature","id":"19000479R","properties":{"siteId":"19000479R","name":"166 - 19000479R - SR006 (SR006)","county":"Davidson","road":"SR006","alias":"SR006","category":"RP","direction":"RAMP"},"geometry":{"type":"Point","coordinates":[-86.75909518,36.18629659]}},{"type":"Feature","id":"19000480R","properties":{"siteId":"19000480R","name":"167 - 19000480R - SR006 (SR006)","county":"Davidson","road":"SR006","alias":"SR006","category":"RP","direction":"RAMP"},"geometry":{"type":"Point","coordinates":[-86.76075728,36.1844481]}},{"type":"Feature","id":"19000481","properties":{"siteId":"19000481","name":"168 - 19000481 - 04451 (CONFERENCE DR.)","county":"Davidson","road":"04451","alias":"CONFERENCE DR.","category":"CC","direction":"N/S"},"geometry":{"type":"Point","coordinates":[-86.7016175,36.3210377]}},{"type":"Feature","id":"19000481R","properties":{"siteId":"19000481R","name":"169 - 19000481R - SR006 (SR006)","county":"Davidson","road":"SR006","alias":"SR006","category":"RP","direction":"RAMP"},"geometry":{"type":"Point","coordinates":[-86.75243527,36.19162101]}},{"type":"Feature","id":"19000482","properties":{"siteId":"19000482","name":"170 - 19000482 - 04516 (OLD HICKORY BLVD.)","county":"Davidson","road":"04516","alias":"OLD HICKORY BLVD.","category":"CC","direction":"N/S"},"geometry":{"type":"Point","coordinates":[-86.9171216,36.0659413]}},{"type":"Feature","id":"19000482R","properties":{"siteId":"19000482R","name":"171 - 19000482R - SR006 (SR006)","county":"Davidson","road":"SR006","alias":"SR006","category":"RP","direction":"RAMP"},"geometry":{"type":"Point","coordinates":[-86.75245029,36.19210946]}},{"type":"Feature","id":"19000484","properties":{"siteId":"19000484","name":"172 - 19000484 - SR001 (MEMPHIS-BRISTOL HWY.)","county":"Davidson","road":"SR001","alias":"MEMPHIS-BRISTOL HWY.","category":"CC","direction":"E/W"},"geometry":{"type":"Point","coordinates":[-86.9520955,36.0789603]}},{"type":"Feature","id":"19000485","properties":{"siteId":"19000485","name":"173 - 19000485 - 04897 (SAWYER BROWN RD.)","county":"Davidson","road":"04897","alias":"SAWYER BROWN RD.","category":"CC","direction":"2-WAY"},"geometry":{"type":"Point","coordinates":[-86.94375659,36.08460869]}},{"type":"Feature","id":"19000487","properties":{"siteId":"19000487","name":"174 - 19000487 - 05333 (S. 10TH ST.)","county":"Davidson","road":"05333","alias":"S. 10TH ST.","category":"CC","direction":"N/S"},"geometry":{"type":"Point","coordinates":[-86.75170234,36.17572117]}},{"type":"Feature","id":"19000487R","properties":{"siteId":"19000487R","name":"175 - 19000487R - SR006 (SR006)","county":"Davidson","road":"SR006","alias":"SR006","category":"RP","direction":"RAMP"},"geometry":{"type":"Point","coordinates":[-86.751205,36.2031272]}},{"type":"Feature","id":"19000488R","properties":{"siteId":"19000488R","name":"176 - 19000488R - SR006 (SR006)","county":"Davidson","road":"SR006","alias":"SR006","category":"RP","direction":"RAMP"},"geometry":{"type":"Point","coordinates":[-86.7512613,36.2025966]}},{"type":"Feature","id":"19000493","properties":{"siteId":"19000493","name":"177 - 19000493 - 04880 (TYNE BLVD.)","county":"Davidson","road":"04880","alias":"TYNE BLVD.","category":"CC","direction":"2-WAY"},"geometry":{"type":"Point","coordinates":[-86.785007,36.0782909]}},{"type":"Feature","id":"19000493R","properties":{"siteId":"19000493R","name":"178 - 19000493R - SR006 (SR006)","county":"Davidson","road":"SR006","alias":"SR006","category":"RP","direction":"RAMP"},"geometry":{"type":"Point","coordinates":[-86.7464423,36.22900872]}},{"type":"Feature","id":"19000494","properties":{"siteId":"19000494","name":"179 - 19000494 - 04884 (HOGAN RD.)","county":"Davidson","road":"04884","alias":"HOGAN RD.","category":"CC","direction":"2-WAY"},"geometry":{"type":"Point","coordinates":[-86.7727563,36.0662112]}},{"type":"Feature","id":"19000494R","properties":{"siteId":"19000494R","name":"180 - 19000494R - SR006 (SR006)","county":"Davidson","road":"SR006","alias":"SR006","category":"RP","direction":"RAMP"},"geometry":{"type":"Point","coordinates":[-86.74684235,36.22959423]}},{"type":"Feature","id":"19000495","properties":{"siteId":"19000495","name":"181 - 19000495 - 0C202 (FARRELL PKWY.)","county":"Davidson","road":"0C202","alias":"FARRELL PKWY.","category":"CC","direction":"2-WAY"},"geometry":{"type":"Point","coordinates":[-86.76655352,36.07388184]}},{"type":"Feature","id":"19000497R","properties":{"siteId":"19000497R","name":"182 - 19000497R - SR006","county":"Davidson","road":"SR006","alias":"FIRST_COUNT_COLLECTED:","category":"RP","direction":"RAMP"},"geometry":{"type":"Point","coordinates":[-86.76682108,36.1738991]}},{"type":"Feature","id":"19000498R","properties":{"siteId":"19000498R","name":"183 - 19000498R - SR006","county":"Davidson","road":"SR006","alias":"FIRST_COUNT_COLLECTED:","category":"RP","direction":"RAMP"},"geometry":{"type":"Point","coordinates":[-86.76534294,36.17621323]}},{"type":"Feature","id":"19000499R","properties":{"siteId":"19000499R","name":"184 - 19000499R - SR006","county":"Davidson","road":"SR006","alias":"FIRST_COUNT_COLLECTED:","category":"RP","direction":"RAMP"},"geometry":{"type":"Point","coordinates":[-86.76548749,36.17712]}},{"type":"Feature","id":"19000500R","properties":{"siteId":"19000500R","name":"185 - 19000500R - SR006","county":"Davidson","road":"SR006","alias":"FIRST_COUNT_COLLECTED:","category":"RP","direction":"RAMP"},"geometry":{"type":"Point","coordinates":[-86.7670294,36.1749718]}},{"type":"Feature","id":"19000501","properties":{"siteId":"19000501","name":"186 - 19000501 - 04169 (HICKORY HOLLOW PKWY.)","county":"Davidson","road":"04169","alias":"HICKORY HOLLOW PKWY.","category":"CC","direction":"N/S"},"geometry":{"type":"Point","coordinates":[-86.6499457,36.0429125]}},{"type":"Feature","id":"19000501R","properties":{"siteId":"19000501R","name":"187 - 19000501R - SR155","county":"Davidson","road":"SR155","alias":"FIRST_COUNT_COLLECTED:","category":"RP","direction":"RAMP"},"geometry":{"type":"Point","coordinates":[-86.70195452,36.11716627]}},{"type":"Feature","id":"19000502R","properties":{"siteId":"19000502R","name":"188 - 19000502R - SR155","county":"Davidson","road":"SR155","alias":"FIRST_COUNT_COLLECTED:","category":"RP","direction":"RAMP"},"geometry":{"type":"Point","coordinates":[-86.69751713,36.11917155]}},{"type":"Feature","id":"19000503R","properties":{"siteId":"19000503R","name":"189 - 19000503R - SR155","county":"Davidson","road":"SR155","alias":"FIRST_COUNT_COLLECTED:","category":"RP","direction":"RAMP"},"geometry":{"type":"Point","coordinates":[-86.69869596,36.11920772]}},{"type":"Feature","id":"19000504","properties":{"siteId":"19000504","name":"190 - 19000504 - 04895 (OLD HARDING PK.)","county":"Davidson","road":"04895","alias":"OLD HARDING PK.","category":"CC","direction":"2-WAY"},"geometry":{"type":"Point","coordinates":[-86.93391964,36.06789611]}},{"type":"Feature","id":"19000504R","properties":{"siteId":"19000504R","name":"191 - 19000504R - SR155","county":"Davidson","road":"SR155","alias":"FIRST_COUNT_COLLECTED:","category":"RP","direction":"RAMP"},"geometry":{"type":"Point","coordinates":[-86.7025532,36.1173813]}},{"type":"Feature","id":"19000505R","properties":{"siteId":"19000505R","name":"192 - 19000505R - SR155","county":"Davidson","road":"SR155","alias":"FIRST_COUNT_COLLECTED:","category":"RP","direction":"RAMP"},"geometry":{"type":"Point","coordinates":[-86.69454152,36.12896866]}},{"type":"Feature","id":"19000506","properties":{"siteId":"19000506","name":"193 - 19000506 - 04883 (BELMONT BLVD.)","county":"Davidson","road":"04883","alias":"BELMONT BLVD.","category":"CC","direction":"2-WAY"},"geometry":{"type":"Point","coordinates":[-86.7985137,36.1160706]}},{"type":"Feature","id":"19000506R","properties":{"siteId":"19000506R","name":"194 - 19000506R - SR155","county":"Davidson","road":"SR155","alias":"FIRST_COUNT_COLLECTED:","category":"RP","direction":"RAMP"},"geometry":{"type":"Point","coordinates":[-86.6946775,36.1302246]}},{"type":"Feature","id":"19000507R","properties":{"siteId":"19000507R","name":"195 - 19000507R - SR155","county":"Davidson","road":"SR155","alias":"FIRST_COUNT_COLLECTED:","category":"RP","direction":"RAMP"},"geometry":{"type":"Point","coordinates":[-86.6962645,36.1313364]}},{"type":"Feature","id":"19000508R","properties":{"siteId":"19000508R","name":"196 - 19000508R - SR155","county":"Davidson","road":"SR155","alias":"FIRST_COUNT_COLLECTED:","category":"RP","direction":"RAMP"},"geometry":{"type":"Point","coordinates":[-86.695847,36.1306509]}},{"type":"Feature","id":"19000515","properties":{"siteId":"19000515","name":"197 - 19000515 - SR112 (CLARKSVILLE PK.)","county":"Davidson","road":"SR112","alias":"CLARKSVILLE PK.","category":"CC","direction":"2-WAY"},"geometry":{"type":"Point","coordinates":[-86.8314944,36.24384274]}},{"type":"Feature","id":"19000517","properties":{"siteId":"19000517","name":"198 - 19000517 - SR174 (LONG HOLLOW PK.)","county":"Davidson","road":"SR174","alias":"LONG HOLLOW PK.","category":"CC","direction":"E/W"},"geometry":{"type":"Point","coordinates":[-86.71032033,36.32258457]}},{"type":"Feature","id":"19000527","properties":{"siteId":"19000527","name":"199 - 19000527 - SR253 (CONCORD RD.)","county":"Davidson","road":"SR253","alias":"CONCORD RD.","category":"CC","direction":"E/W"},"geometry":{"type":"Point","coordinates":[-86.69204946,35.99496413]}},{"type":"Feature","id":"19000528","properties":{"siteId":"19000528","name":"200 - 19000528 - 0A387 (BATTLE RD.)","county":"Davidson","road":"0A387","alias":"BATTLE RD.","category":"CC","direction":"2-WAY"},"geometry":{"type":"Point","coordinates":[-86.62605033,35.98518407]}},{"type":"Feature","id":"19000529","properties":{"siteId":"19000529","name":"201 - 19000529 - 01061 (S. MT. JULIET RD.)","county":"Davidson","road":"01061","alias":"S. MT. JULIET RD.","category":"CC","direction":"N/S"},"geometry":{"type":"Point","coordinates":[-86.52942124,36.10061649]}},{"type":"Feature","id":"19000532","properties":{"siteId":"19000532","name":"202 - 19000532 - 04935 (INDUSTRIAL DR.)","county":"Davidson","road":"04935","alias":"INDUSTRIAL DR.","category":"CC","direction":"E/W"},"geometry":{"type":"Point","coordinates":[-86.65883427,36.2650524]}},{"type":"Feature","id":"19000534","properties":{"siteId":"19000534","name":"203 - 19000534 - 04942 (GREENFIELD AVE.)","county":"Davidson","road":"04942","alias":"GREENFIELD AVE.","category":"CC","direction":"2-WAY"},"geometry":{"type":"Point","coordinates":[-86.73089827,36.21061223]}},{"type":"Feature","id":"19000536","properties":{"siteId":"19000536","name":"204 - 19000536 - 04941 (CAHAL AVE.)","county":"Davidson","road":"04941","alias":"CAHAL AVE.","category":"CC","direction":"2-WAY"},"geometry":{"type":"Point","coordinates":[-86.73986642,36.19642806]}},{"type":"Feature","id":"19000547","properties":{"siteId":"19000547","name":"205 - 19000547 - 04945 (MCCRORY CREEK RD.)","county":"Davidson","road":"04945","alias":"MCCRORY CREEK RD.","category":"CC","direction":"2-WAY"},"geometry":{"type":"Point","coordinates":[-86.63724223,36.15576443]}},{"type":"Feature","id":"19000551","properties":{"siteId":"19000551","name":"206 - 19000551 - 04949 (CURREY RD.)","county":"Davidson","road":"04949","alias":"CURREY RD.","category":"CC","direction":"2-WAY"},"geometry":{"type":"Point","coordinates":[-86.7140054,36.1180949]}},{"type":"Feature","id":"19000560","properties":{"siteId":"19000560","name":"207 - 19000560 - 04950 (MCGAVOCK PK.)","county":"Davidson","road":"04950","alias":"MCGAVOCK PK.","category":"CC","direction":"2-WAY"},"geometry":{"type":"Point","coordinates":[-86.68984644,36.09461924]}},{"type":"Feature","id":"19000577","properties":{"siteId":"19000577","name":"208 - 19000577 - 04908 (40TH AVE. N. )","county":"Davidson","road":"04908","alias":"40TH AVE. N.","category":"CC","direction":"2-WAY"},"geometry":{"type":"Point","coordinates":[-86.8344416,36.1560567]}},{"type":"Feature","id":"19000579","properties":{"siteId":"19000579","name":"209 - 19000579 - 04905 (63RD AVE. N.)","county":"Davidson","road":"04905","alias":"63RD AVE. N.","category":"CC","direction":"2-WAY"},"geometry":{"type":"Point","coordinates":[-86.86625627,36.16462611]}},{"type":"Feature","id":"19000584","properties":{"siteId":"19000584","name":"210 - 19000584 - 04903 (OLD CHARLOTTE PK.)","county":"Davidson","road":"04903","alias":"OLD CHARLOTTE PK.","category":"CC","direction":"2-WAY"},"geometry":{"type":"Point","coordinates":[-86.92056129,36.12131655]}},{"type":"Feature","id":"19000585","properties":{"siteId":"19000585","name":"211 - 19000585 - 04899 (DAVIDSON DR.)","county":"Davidson","road":"04899","alias":"DAVIDSON DR.","category":"CC","direction":"2-WAY"},"geometry":{"type":"Point","coordinates":[-86.90262185,36.12572216]}},{"type":"Feature","id":"19000587","properties":{"siteId":"19000587","name":"212 - 19000587 - 04904 (AMERICAN RD.)","county":"Davidson","road":"04904","alias":"AMERICAN RD.","category":"CC","direction":"2-WAY"},"geometry":{"type":"Point","coordinates":[-86.8736475,36.1468724]}},{"type":"Feature","id":"19000589","properties":{"siteId":"19000589","name":"213 - 19000589 - 04893 (BOWLING AVE. )","county":"Davidson","road":"04893","alias":"BOWLING AVE.","category":"CC","direction":"2-WAY"},"geometry":{"type":"Point","coordinates":[-86.82616227,36.12866248]}},{"type":"Feature","id":"19000590","properties":{"siteId":"19000590","name":"214 - 19000590 - 04892 (ABBOTT MARTIN RD.)","county":"Davidson","road":"04892","alias":"ABBOTT MARTIN RD.","category":"CC","direction":"E/W"},"geometry":{"type":"Point","coordinates":[-86.8208964,36.1065728]}},{"type":"Feature","id":"19000591","properties":{"siteId":"19000591","name":"215 - 19000591 - 04882 (LONE OAK RD.)","county":"Davidson","road":"04882","alias":"LONE OAK RD.","category":"CC","direction":"2-WAY"},"geometry":{"type":"Point","coordinates":[-86.80879919,36.10320888]}},{"type":"Feature","id":"19000600","properties":{"siteId":"19000600","name":"216 - 19000600 - 0F506 (MCGAVOCK ST.)","county":"Davidson","road":"0F506","alias":"MCGAVOCK ST.","category":"CC","direction":"2-WAY"},"geometry":{"type":"Point","coordinates":[-86.78742823,36.1552896]}},{"type":"Feature","id":"19000604","properties":{"siteId":"19000604","name":"217 - 19000604 - 04931 (ANDERSON LN.)","county":"Davidson","road":"04931","alias":"ANDERSON LN.","category":"CC","direction":"2-WAY"},"geometry":{"type":"Point","coordinates":[-86.7051013,36.2732385]}},{"type":"Feature","id":"19000607","properties":{"siteId":"19000607","name":"218 - 19000607 - 04846 (PETTUS RD.)","county":"Davidson","road":"04846","alias":"PETTUS RD.","category":"CC","direction":"2-WAY"},"geometry":{"type":"Point","coordinates":[-86.66696266,36.0077259]}},{"type":"Feature","id":"19000617","properties":{"siteId":"19000617","name":"219 - 19000617 - 05333 (KOREAN VETERANS BLVD.)","county":"Davidson","road":"05333","alias":"KOREAN VETERANS BLVD.","category":"CC","direction":"E/W"},"geometry":{"type":"Point","coordinates":[-86.76962161,36.16045228]}},{"type":"Feature","id":"19000621","properties":{"siteId":"19000621","name":"220 - 19000621 - 04160 (RIVER RD.)","county":"Davidson","road":"04160","alias":"RIVER RD.","category":"CC","direction":"2-WAY"},"geometry":{"type":"Point","coordinates":[-86.92491025,36.13181598]}},{"type":"Feature","id":"19000622","properties":{"siteId":"19000622","name":"221 - 19000622 - SR011 (NOLENSVILLE PK.)","county":"Davidson","road":"SR011","alias":"NOLENSVILLE PK.","category":"CC","direction":"N/S"},"geometry":{"type":"Point","coordinates":[-86.7603017,36.1359742]}},{"type":"Feature","id":"19000623","properties":{"siteId":"19000623","name":"222 - 19000623 - SR024 (GEORGE L. DAVIS BLVD.)","county":"Davidson","road":"SR024","alias":"GEORGE L. DAVIS BLVD.","category":"CC","direction":"1-WAY"},"geometry":{"type":"Point","coordinates":[-86.7915188,36.1594398]}},{"type":"Feature","id":"19000624","properties":{"siteId":"19000624","name":"223 - 19000624 - 05432 (HERMAN ST.)","county":"Davidson","road":"05432","alias":"HERMAN ST.","category":"CC","direction":"2-WAY"},"geometry":{"type":"Point","coordinates":[-86.81862931,36.16174949]}},{"type":"Feature","id":"19000626","properties":{"siteId":"19000626","name":"224 - 19000626 - 05432 (LOCKLAYER ST.)","county":"Davidson","road":"05432","alias":"LOCKLAYER ST.","category":"CC","direction":"2-WAY"},"geometry":{"type":"Point","coordinates":[-86.79067324,36.17113461]}},{"type":"Feature","id":"19000627","properties":{"siteId":"19000627","name":"225 - 19000627 - SR265 (CENTRAL PK.)","county":"Davidson","road":"SR265","alias":"CENTRAL PK.","category":"CC","direction":"2-WAY"},"geometry":{"type":"Point","coordinates":[-86.58797455,36.17178666]}},{"type":"Feature","id":"19000630","properties":{"siteId":"19000630","name":"226 - 19000630 - 05501 (HILLWOOD BLVD.)","county":"Davidson","road":"05501","alias":"HILLWOOD BLVD.","category":"CC","direction":"2-WAY"},"geometry":{"type":"Point","coordinates":[-86.87851528,36.13720931]}},{"type":"Feature","id":"19000631","properties":{"siteId":"19000631","name":"227 - 19000631 - 05499 (N. NEW HOPE RD.)","county":"Davidson","road":"05499","alias":"N. NEW HOPE RD.","category":"CC","direction":"2-WAY"},"geometry":{"type":"Point","coordinates":[-86.58171953,36.18352922]}},{"type":"Feature","id":"19000632","properties":{"siteId":"19000632","name":"228 - 19000632 - 05503 (BOSLEY SPRINGS RD.)","county":"Davidson","road":"05503","alias":"BOSLEY SPRINGS RD.","category":"CC","direction":"2-WAY"},"geometry":{"type":"Point","coordinates":[-86.8443132,36.1277902]}},{"type":"Feature","id":"19000636","properties":{"siteId":"19000636","name":"229 - 19000636 - 03256 (31ST AVE. N.)","county":"Davidson","road":"03256","alias":"31ST AVE. N.","category":"CC","direction":"N/S"},"geometry":{"type":"Point","coordinates":[-86.8158671,36.1431198]}},{"type":"Feature","id":"19000637","properties":{"siteId":"19000637","name":"230 - 19000637 - 06060 (BLUFF RD.)","county":"Davidson","road":"06060","alias":"BLUFF RD.","category":"CC","direction":"2-WAY"},"geometry":{"type":"Point","coordinates":[-86.70222971,36.00869806]}},{"type":"Feature","id":"19000640","properties":{"siteId":"19000640","name":"231 - 19000640 - 06064 (LEALAND LN.)","county":"Davidson","road":"06064","alias":"LEALAND LN.","category":"CC","direction":"N/S"},"geometry":{"type":"Point","coordinates":[-86.7906562,36.0910014]}},{"type":"Feature","id":"19000641","properties":{"siteId":"19000641","name":"232 - 19000641 - 06065 (DOUGLAS AVE.)","county":"Davidson","road":"06065","alias":"DOUGLAS AVE.","category":"CC","direction":"E/W"},"geometry":{"type":"Point","coordinates":[-86.77997774,36.13157359]}},{"type":"Feature","id":"19000642","properties":{"siteId":"19000642","name":"233 - 19000642 - 06063 (FRANKLIN-LIMESTONE RD.)","county":"Davidson","road":"06063","alias":"FRANKLIN-LIMESTONE RD.","category":"CC","direction":"2-WAY"},"geometry":{"type":"Point","coordinates":[-86.65976533,36.09251321]}},{"type":"Feature","id":"19000693","properties":{"siteId":"19000693","name":"234 - 19000693 - 01008","county":"Davidson","road":"01008","alias":"FIRST_COUNT_COLLECTED:","category":"CC","direction":"E/W"},"geometry":{"type":"Point","coordinates":[-86.64793285,35.99133948]}},{"type":"Feature","id":"19000694","properties":{"siteId":"19000694","name":"235 - 19000694 - 01008","county":"Davidson","road":"01008","alias":"FIRST_COUNT_COLLECTED:","category":"CC","direction":"N/S"},"geometry":{"type":"Point","coordinates":[-86.62179353,36.00800088]}},{"type":"Feature","id":"22000005R","properties":{"siteId":"22000005R","name":"236 - 22000005R - I0040 (I0840)","county":"Dickson","road":"I0040","alias":"I0840","category":"RP","direction":"RAMP"},"geometry":{"type":"Point","coordinates":[-87.26602294,36.01942836]}},{"type":"Feature","id":"22000006R","properties":{"siteId":"22000006R","name":"237 - 22000006R - I0040 (I0840)","county":"Dickson","road":"I0040","alias":"I0840","category":"RP","direction":"RAMP"},"geometry":{"type":"Point","coordinates":[-87.26652639,36.02105284]}},{"type":"Feature","id":"22000007R","properties":{"siteId":"22000007R","name":"238 - 22000007R - I0040 (I0840)","county":"Dickson","road":"I0040","alias":"I0840","category":"RP","direction":"RAMP"},"geometry":{"type":"Point","coordinates":[-87.26016478,36.01799597]}},{"type":"Feature","id":"22000008R","properties":{"siteId":"22000008R","name":"239 - 22000008R - I0040 (I0840)","county":"Dickson","road":"I0040","alias":"I0840","category":"RP","direction":"RAMP"},"geometry":{"type":"Point","coordinates":[-87.26926418,36.02466307]}},{"type":"Feature","id":"22000009R","properties":{"siteId":"22000009R","name":"240 - 22000009R - I0040 (I0840)","county":"Dickson","road":"I0040","alias":"I0840","category":"RP","direction":"RAMP"},"geometry":{"type":"Point","coordinates":[-87.2701063,36.0266863]}},{"type":"Feature","id":"40000173","properties":{"siteId":"40000173","name":"241 - 40000173 - 03071 (N. FENTRESS ST.)","county":"Henry","road":"03071","alias":"N. FENTRESS ST.","category":"CC","direction":"N/S"},"geometry":{"type":"Point","coordinates":[-88.32745076,36.30248081]}},{"type":"Feature","id":"60000115","properties":{"siteId":"60000115","name":"242 - 60000115 - SR006 (NEW LAWRENCEBURG HWY.)","county":"Maury","road":"SR006","alias":"NEW LAWRENCEBURG HWY.","category":"CC","direction":"N/S"},"geometry":{"type":"Point","coordinates":[-87.2224191,35.5246133]}},{"type":"Feature","id":"60000178","properties":{"siteId":"60000178","name":"243 - 60000178 - SR006 (NEW LAWRENCEBURG HWY.)","county":"Maury","road":"SR006","alias":"NEW LAWRENCEBURG HWY.","category":"CC","direction":"N/S"},"geometry":{"type":"Point","coordinates":[-87.2232484,35.5140226]}},{"type":"Feature","id":"60000192","properties":{"siteId":"60000192","name":"244 - 60000192 - SR006 (NEW LAWRENCEBURG HWY.)","county":"Maury","road":"SR006","alias":"NEW LAWRENCEBURG HWY.","category":"CC","direction":"N/S"},"geometry":{"type":"Point","coordinates":[-87.1172343,35.621909]}},{"type":"Feature","id":"60000193","properties":{"siteId":"60000193","name":"245 - 60000193 - SR006 (NEW LAWRENCEBURG HWY.)","county":"Maury","road":"SR006","alias":"NEW LAWRENCEBURG HWY.","category":"CC","direction":"N/S"},"geometry":{"type":"Point","coordinates":[-87.1204451,35.6135965]}},{"type":"Feature","id":"74000013R","properties":{"siteId":"74000013R","name":"246 - 74000013R - I0065 (I-65)","county":"Robertson","road":"I0065","alias":"I-65","category":"RP","direction":"RAMP"},"geometry":{"type":"Point","coordinates":[-86.60111416,36.58972991]}},{"type":"Feature","id":"75000014R","properties":{"siteId":"75000014R","name":"247 - 75000014R - I0024 (I0840)","county":"Rutherford","road":"I0024","alias":"I0840","category":"RP","direction":"RAMP"},"geometry":{"type":"Point","coordinates":[-86.47560868,35.88849671]}},{"type":"Feature","id":"75000015R","properties":{"siteId":"75000015R","name":"248 - 75000015R - I0024 (I0840)","county":"Rutherford","road":"I0024","alias":"I0840","category":"RP","direction":"RAMP"},"geometry":{"type":"Point","coordinates":[-86.47862736,35.88785309]}},{"type":"Feature","id":"75000016R","properties":{"siteId":"75000016R","name":"249 - 75000016R - I0024 (I0840)","county":"Rutherford","road":"I0024","alias":"I0840","category":"RP","direction":"RAMP"},"geometry":{"type":"Point","coordinates":[-86.47941203,35.88599203]}},{"type":"Feature","id":"75000017R","properties":{"siteId":"75000017R","name":"250 - 75000017R - I0024 (I-24)","county":"Rutherford","road":"I0024","alias":"I-24","category":"RP","direction":"RAMP"},"geometry":{"type":"Point","coordinates":[-86.47688412,35.8819953]}},{"type":"Feature","id":"94000011R","properties":{"siteId":"94000011R","name":"251 - 94000011R - I0065 (I0840)","county":"Williamson","road":"I0065","alias":"I0840","category":"RP","direction":"RAMP"},"geometry":{"type":"Point","coordinates":[-86.84464385,35.82107758]}},{"type":"Feature","id":"94000176","properties":{"siteId":"94000176","name":"252 - 94000176 - 04746 (MALLORY LN.)","county":"Williamson","road":"04746","alias":"MALLORY LN.","category":"CC","direction":"N/S"},"geometry":{"type":"Point","coordinates":[-86.8178484,35.9527139]}},{"type":"Feature","id":"95000213","properties":{"siteId":"95000213","name":"253 - 95000213 - SR109 (STATE HWY. 109)","county":"Wilson","road":"SR109","alias":"STATE HWY. 109","category":"CC","direction":"N/S"},"geometry":{"type":"Point","coordinates":[-86.4050099,36.1809171]}}]}
